id	question_id	answer	text	chapter	chapter_id	verse_id	well_formed	question	option_1	option_2	option_3	option_4	options
1	143	क	भावप्रकाशनिघण्टु	हरीतक्यादि		1	1	भावप्रकाशनिघण्टु में सर्वप्रथम किस वर्ग का उल्लेख है	(क.) हरीत्क्यादि	(ख.) आमलक्यादि 	(ग.) हरिद्रादि 	(घ.) गुडूच्यादि	(क.) हरीत्क्यादि (ख.) आमलक्यादि  (ग.) हरिद्रादि  (घ.) गुडूच्यादि
2	144	ख	भावप्रकाशनिघण्टु	हरीतक्यादि	1	5	1	अमृतपान के समय भगवान इन्द्र के मुख से पृथवी पर बूंद गिरने से किस द्रव्य की उतपत्ति हुयी थी	(क.) गुडूची	(ख.) अभया	(ग.) आमलकी	(घ.) अमृतवल्ली	(क.) गुडूची (ख.) अभया (ग.) आमलकी (घ.) अमृतवल्ली
3	145	घ	भावप्रकाशनिघण्टु	हरीतक्यादि	1	7	0	हरीतकी के पर्याय है	(क.) कायस्था	(ख.) हेमवती	(ग.) शिवा	(घ.) सभी	(क.) कायस्था (ख.) हेमवती (ग.) शिवा (घ.) सभी
4	146	ग	भावप्रकाशनिघण्टु	हरीतक्यादि	1		1	हरीतकी के कितने प्रकार बताए गए है	(क.) 3	(ख.) 5	(ग.) 7	(घ.) 2	(क.) 3 (ख.) 5 (ग.) 7 (घ.) 2
5	147	घ	भावप्रकाशनिघण्टु	हरीतक्यादि	1		1	कौन से प्रकार की हरीतकी प्रत्येक स्थान पर पाई जाती है	(क.) विजया	(ख.) चेतकी	(ग.) अभया	(घ.) रोहिणी	(क.) विजया (ख.) चेतकी (ग.) अभया (घ.) रोहिणी
6	148	ग	भावप्रकाशनिघण्टु	हरीतक्यादि	1		1	हरीतकी में कितने रस होते हैं	(क.) 3	(ख.) 4	(ग.) 5	(घ.) 6	(क.) 3 (ख.) 4 (ग.) 5 (घ.) 6
7	149	ख	भावप्रकाशनिघण्टु	हरीतक्यादि	1	29	1	श्रेष्ठ हरीतकी का भार (वजन) कितना होना चाहिए	(क.) 1 कर्ष	(ख.) 2 कर्ष	(ग.) 3 कर्ष	(घ.) 1 तोला	(क.) 1 कर्ष (ख.) 2 कर्ष (ग.) 3 कर्ष (घ.) 1 तोला
8	150	घ	भावप्रकाशनिघण्टु	हरीतक्यादि	1	35	0	हरीतकी सेवन के अयोग्य हैं	(क.) बलवर्जित	(ख.) कृश	(ग.) विमुक्तरक्त	(घ.) सभी	(क.) बलवर्जित (ख.) कृश (ग.) विमुक्तरक्त (घ.) सभी
9	151	घ	भावप्रकाशनिघण्टु	हरीतक्यादि	1	37	1	विभीतक निम्न में से किसका पर्याय है	(क.) कलिदूम	(ख.) भूतवास	(ग.) कलियुगालय	(घ.) सभी	(क.) कलिदूम (ख.) भूतवास (ग.) कलियुगालय (घ.) सभी
10	152	घ	भावप्रकाशनिघण्टु	हरीतक्यादि	1	38	1	आमलकी निम्न में से किसका पर्याय है	(क.) वयस्या	(ख.) वृष्या	(ग.) जातीफलरसा	(घ.) सभी	(क.) वयस्या (ख.) वृष्या (ग.) जातीफलरसा (घ.) सभी
11	153	घ	भावप्रकाशनिघण्टु	हरीतक्यादि	1	38		आमलकी निम्न में से किसका पर्याय नहीं है	(क.) शिव	(ख.) धात्रीफल	(ग.) श्रीफल	(घ.) कर्षफल	(क.) शिव (ख.) धात्रीफल (ग.) श्रीफल (घ.) कर्षफल
12	154	ख	भावप्रकाशनिघण्टु	हरीतक्यादि	1	39	1	यह किसके बारे में कहा गया है -  हरीतकीसमं ......रक्तपित्तप्रमेहघ्नं परं वृष्य रसायनम् ।	(क.) विभीतक	(ख.) आमलकी	(ग.) गुडूची	(घ.) अभया	(क.) विभीतक (ख.) आमलकी (ग.) गुडूची (घ.) अभया
13	155	घ	भावप्रकाशनिघण्टु	हरीतक्यादि	1	43	1	वरा निम्न में से किसका पर्याय है	(क.) हरिद्रा	(ख.) गुडूची	(ग.) आमलकी	(घ.) त्रिफला	(क.) हरिद्रा (ख.) गुडूची (ग.) आमलकी (घ.) त्रिफला
14	156	घ	भावप्रकाशनिघण्टु	हरीतक्यादि	1	44	1	शुण्ठी निम्न में से किसका पर्याय है	(क.) विश्वा	(ख.) महौषध	(ग.) श्रृंगवेर	(घ.) सभी	(क.) विश्वा (ख.) महौषध (ग.) श्रृंगवेर (घ.) सभी
15	157	घ	भावप्रकाशनिघण्टु	हरीतक्यादि	1	54	1	पिप्पली निम्न में से किसका पर्याय है	(क.) कणा	(ख.) वैदेही	(ग.) तीक्ष्णतण्डुला	(घ.) सभी	(क.) कणा (ख.) वैदेही (ग.) तीक्ष्णतण्डुला (घ.) सभी
16	158	घ	भावप्रकाशनिघण्टु	हरीतक्यादि	1	54	1	पिप्पली निम्न में से किसका पर्याय है	(क.) मागधी	(ख.) कृष्णा	(ग.) चपला	(घ.) सभी	(क.) मागधी (ख.) कृष्णा (ग.) चपला (घ.) सभी
17	159	घ	भावप्रकाशनिघण्टु	हरीतक्यादि	1	59	1	मरिच निम्न में से किसका पर्याय है	(क.) कृष्ण	(ख.) धर्मपतन	(ग.) वेल्लज	(घ.) सभी	(क.) कृष्ण (ख.) धर्मपतन (ग.) वेल्लज (घ.) सभी
18	160	क	भावप्रकाशनिघण्टु	हरीतक्यादि	1	55	1	मरिच निम्न में से किसका पर्याय नहीं है	(क.) कृष्णा	(ख.) ऊषण	(ग.) कृष्ण	(घ.) वेल्लज	(क.) कृष्णा (ख.) ऊषण (ग.) कृष्ण (घ.) वेल्लज
19	161	घ	भावप्रकाशनिघण्टु	हरीतक्यादि	1	62	1	व्योष निम्न में से किसका पर्याय है	(क.) त्रिकटु	(ख.) त्रयूषण	(ग.) कटुत्रिक	(घ.) सभी	(क.) त्रिकटु (ख.) त्रयूषण (ग.) कटुत्रिक (घ.) सभी
20	162	ग	भावप्रकाशनिघण्टु	हरीतक्यादि	1	64	1	चटकाशिर निम्न में से किसका पर्याय है	(क.) शुण्ठी	(ख.) काकानासा	(ग.) पिप्लीमूल	(घ.) भल्लातक	(क.) शुण्ठी (ख.) काकानासा (ग.) पिप्लीमूल (घ.) भल्लातक
21	163	ग	भावप्रकाशनिघण्टु	हरीतक्यादि	1	66	0	चतुरूषण में होता है	(क.) चव्य	(ख.) चित्रक	(ग.) पिप्लीमूल	(घ.) विभीतक	(क.) चव्य (ख.) चित्रक (ग.) पिप्लीमूल (घ.) विभीतक
22	164	घ	भावप्रकाशनिघण्टु	हरीतक्यादि	1	68	0	गजपिपली है	(क.) कपिवल्ली	(ख.) कोलवल्ली	(ग.) श्रेयसी	(घ.) सभी	(क.) कपिवल्ली (ख.) कोलवल्ली (ग.) श्रेयसी (घ.) सभी
23	165	घ	भावप्रकाशनिघण्टु	हरीतक्यादि	1	59,70	0	 ऊषण पर्याय है	(क.) चित्रक का	(ख.) मरिच का	(ग.) शुण्ठी का	(घ.) क और ख	(क.) चित्रक का (ख.) मरिच का (ग.) शुण्ठी का (घ.) क और ख
24	166	ख	भावप्रकाशनिघण्टु	हरीतक्यादि	1	72	0	पंचकोल में नहीं है	(क.) सोंठ	(ख.) मरिच	(ग.) पिप्पली	(घ.) पिप्पली मूल	(क.) सोंठ (ख.) मरिच (ग.) पिप्पली (घ.) पिप्पली मूल
25	167	घ	भावप्रकाशनिघण्टु	हरीतक्यादि			0	हरीतक्यादि वर्ग में वर्णित है	(क.) त्रिफला	(ख.) त्रिकटु	(ग.) पंचकोल	(घ.) सभी	(क.) त्रिफला (ख.) त्रिकटु (ग.) पंचकोल (घ.) सभी
26	168	घ	भावप्रकाशनिघण्टु	हरीतक्यादि	1	75	0	यवानी के र्प्याय है	(क.) उग्रगंधा	(ख.) ब्रह्मदर्भा	(ग.) अजमोदिका	(घ.) सभी	(क.) उग्रगंधा (ख.) ब्रह्मदर्भा (ग.) अजमोदिका (घ.) सभी
27	169	घ	भावप्रकाशनिघण्टु	हरीतक्यादि	1	78,79	1	अजमोदा निम्न में से किसका पर्याय है	(क.) खराश्वा	(ख.) मायूरो	(ग.) ब्रह्मकुशा	(घ.) सभी	(क.) खराश्वा (ख.) मायूरो (ग.) ब्रह्मकुशा (घ.) सभी
28	170	घ	भावप्रकाशनिघण्टु	हरीतक्यादि	1	81	0	जीरक का प्रकार नहीं है	(क.) शुक्ल जीरक	(ख.) उदगार शोधन	(ग.) कलौंजी	(घ.) यवानी	(क.) शुक्ल जीरक (ख.) उदगार शोधन (ग.) कलौंजी (घ.) यवानी
29	171	क	भावप्रकाशनिघण्टु	हरीतक्यादि	1	86	1	कुस्तुम्बरू निम्न में से किसका पर्याय है	(क.) धान्यक	(ख.) जीरक	(ग.) यवानी	(घ.) अजमोदा	(क.) धान्यक (ख.) जीरक (ग.) यवानी (घ.) अजमोदा
30	172	घ	भावप्रकाशनिघण्टु	हरीतक्यादि	1	93	1	मेथी निम्न में से किसका पर्याय है	(क.) बहुपत्रिका	(ख.) बहुबीजा	(ग.) बहुपर्णी	(घ.) सभी	(क.) बहुपत्रिका (ख.) बहुबीजा (ग.) बहुपर्णी (घ.) सभी
31	173	घ	भावप्रकाशनिघण्टु	हरीतक्यादि	1	94	1	मेथी निम्न में से किसका पर्याय है	(क.) ज्योति	(ख.) पीतबीजा	(ग.) मुनिच्छदा	(घ.) सभी	(क.) ज्योति (ख.) पीतबीजा (ग.) मुनिच्छदा (घ.) सभी
32	174	ग	भावप्रकाशनिघण्टु	हरीतक्यादि	1	96	1	पशुमेहनकारिका निम्न में से किसका पर्याय है	(क.) मेथिका	(ख.) जीरक	(ग.) चन्द्रशूर	(घ.) अजमोदा	(क.) मेथिका (ख.) जीरक (ग.) चन्द्रशूर (घ.) अजमोदा
33	175	घ	भावप्रकाशनिघण्टु	हरीतक्यादि	1	100	1	हींग निम्न में से किसका पर्याय नहीं है	(क.) सहस्रवेधि	(ख.) रामठ	(ग.) वाहलीक	(घ.) कोई नहीं	(क.) सहस्रवेधि (ख.) रामठ (ग.) वाहलीक (घ.) कोई नहीं
34	176	घ	भावप्रकाशनिघण्टु	हरीतक्यादि	1	103	0	उग्रगंधा पर्याय है	क वचा का	व प्लाण्डु का	(ग.) यवानी का	(घ.) क और ख	क वचा का व प्लाण्डु का (ग.) यवानी का (घ.) क और ख
35	177	घ	भावप्रकाशनिघण्टु	हरीतक्यादि	1	102	0	वचा है	(क.) षड्ग्रन्था	(ख.) शतपर्विका	(ग.) क्षुद्रपत्री	(घ.) सभी	(क.) षड्ग्रन्था (ख.) शतपर्विका (ग.) क्षुद्रपत्री (घ.) सभी
36	178	ग	भावप्रकाशनिघण्टु	हरीतक्यादि	1	102	1	चोपचीनी का वर्णन भावप्रकाश ने किस वर्ग में किया है	(क.) कर्पूरादि वर्ग	(ख.) गुडूच्यादि वर्ग	(ग.) हरीतक्यादि वर्ग	(घ.) पुष्प वर्ग	(क.) कर्पूरादि वर्ग (ख.) गुडूच्यादि वर्ग (ग.) हरीतक्यादि वर्ग (घ.) पुष्प वर्ग
37	179	घ	भावप्रकाशनिघण्टु	हरीतक्यादि	1	111	1	वायविडङ्ग निम्न में से किसका पर्याय है	(क.) कृमिघ्न	(ख.) चित्रतण्डुल	(ग.) जन्तुनाशन	(घ.) सभी	(क.) कृमिघ्न (ख.) चित्रतण्डुल (ग.) जन्तुनाशन (घ.) सभी
38	180	क	भावप्रकाशनिघण्टु	हरीतक्यादि	1	117	1	 तुगाक्षिरी निम्न में से किसका पर्याय है	(क.) वंशलोचन	(ख.) वायविहङग	(ग.) द्वीपांतर बचा	(घ.) लवंग	(क.) वंशलोचन (ख.) वायविहङग (ग.) द्वीपांतर बचा (घ.) लवंग
39	181	ख	भावप्रकाशनिघण्टु	हरीतक्यादि	1	145	1	क्लोतनक निम्न में से किसका पर्याय है	(क.) हरिद्रा	(ख.) यष्टीमधु	(ग.) मधुक	(घ.) सारिवा	(क.) हरिद्रा (ख.) यष्टीमधु (ग.) मधुक (घ.) सारिवा
40	182	घ	भावप्रकाशनिघण्टु	हरीतक्यादि	1	147	1	आरंगवध निम्न में से किसका पर्याय नहीं है	(क.) शम्पाक	(ख.) व्याधिधात	(ग.) रोचन	(घ.) कर्णिकार	(क.) शम्पाक (ख.) व्याधिधात (ग.) रोचन (घ.) कर्णिकार
41	183	घ	भावप्रकाशनिघण्टु	हरीतक्यादि	1	151	1	 कुटकी निम्न में से किसका पर्याय है	(क.) कृष्णभेदा	(ख.) करम्भरा	(ग.) शुक्लादनी	(घ.) सभी	(क.) कृष्णभेदा (ख.) करम्भरा (ग.) शुक्लादनी (घ.) सभी
42	184	क	भावप्रकाशनिघण्टु	हरीतक्यादि	1	152	1	मत्स्यपित्ता निम्न में से किसका पर्याय है	(क.) कुटकी	(ख.) मधुयष्टि	(ग.) आरग्वध	(घ.) मण्डूकी	(क.) कुटकी (ख.) मधुयष्टि (ग.) आरग्वध (घ.) मण्डूकी
43	185	घ	भावप्रकाशनिघण्टु	हरीतक्यादि	1	153	1	 किराततिक्त निम्न में से किसका पर्याय है	(क.) कटुरोहिणी	(ख.) तिक्ता	(ग.) कटुका	(घ.) काण्डतिक्त	(क.) कटुरोहिणी (ख.) तिक्ता (ग.) कटुका (घ.) काण्डतिक्त
44	186	क	भावप्रकाशनिघण्टु	हरीतक्यादि	1	161	1	 विषपुष्पक निम्न में से किसका पर्याय है	(क.) मदनफल	(ख.) अर्क	(ग.) लाङगली	(घ.) करवीर	(क.) मदनफल (ख.) अर्क (ग.) लाङगली (घ.) करवीर
45	187	घ	भावप्रकाशनिघण्टु	हरीतक्यादि	1	160	1	 मदनफल निम्न में से किसका पर्याय है	(क.) छर्दन	(ख.) नट	(ग.) शल्यक	(घ.) सभी	(क.) छर्दन (ख.) नट (ग.) शल्यक (घ.) सभी
46	188	घ	भावप्रकाशनिघण्टु	हरीतक्यादि	1	162	1	रास्ना निम्न में से किसका पर्याय नहीं है	(क.) युक्तरसा	(ख.) एलापर्णी	(ग.) श्रेयसी	(घ.) रामसेनक	(क.) युक्तरसा (ख.) एलापर्णी (ग.) श्रेयसी (घ.) रामसेनक
47	189	क	भावप्रकाशनिघण्टु	हरीतक्यादि	1	162	0	 रास्त्रा का वर्णन भाव प्रकाश ने किस वर्ग में किया है	(क.) हरीतक्यादि	(ख.) गुडूच्यादि	(ख.) शूकहर	(घ.) कर्पूरादि वर्ग	(क.) हरीतक्यादि (ख.) गुडूच्यादि (ख.) शूकहर (घ.) कर्पूरादि वर्ग
48	190	क		हरीतक्यादि			1	पारावतपदी निम्न में से किसका पर्याय है	(क.) मालकांगनी	(ख.) रास्ना	(ग.) गुडुची	(घ.) ब्रह्मी	(क.) मालकांगनी (ख.) रास्ना (ग.) गुडुची (घ.) ब्रह्मी
49	191	ग	भावप्रकाशनिघण्टु	हरीतक्यादि	1	176	1	 चोक किस द्रव्य की मूल को कहते है	(क.) शालपर्णी	(ख.) कुटज	(ग.) सत्यानाशी	(घ.) वचा	(क.) शालपर्णी (ख.) कुटज (ग.) सत्यानाशी (घ.) वचा
50	192	क	भावप्रकाशनिघण्टु	हरीतक्यादि	1	178		 कुलीरविषाणिका है	(क.) कर्कटश्रृंगी	(ख.) रास्ना	(ग.) हैमवती	(घ.) ज्योतिषमती	(क.) कर्कटश्रृंगी (ख.) रास्ना (ग.) हैमवती (घ.) ज्योतिषमती
51	193	ग	भावप्रकाशनिघण्टु	हरीतक्यादि	1	183	1	 ब्राह्मणयष्टिका निम्न में से किसका पर्याय है	(क.) यष्टीमधु	(ख.) धातकी	(ग.) भारङगी	(घ.) कायफल	(क.) यष्टीमधु (ख.) धातकी (ग.) भारङगी (घ.) कायफल
52	194	ख	भावप्रकाशनिघण्टु	हरीतक्यादि	1	187	1	 कट्फल निम्न में से किसका पर्याय नहीं है	(क.) कैटर्य	(ख.) अङगारवल्ली	(ग.) श्रीपर्णिका	(घ.) भद्रवती	(क.) कैटर्य (ख.) अङगारवल्ली (ग.) श्रीपर्णिका (घ.) भद्रवती
53	195	ग	भावप्रकाशनिघण्टु	हरीतक्यादि	1	182	1	धातकी निम्न में से किसका पर्याय नहीं है	(क.) ताम्रपुष्पी	(ख.) कुन्जरा	(ग.) भद्रा	(घ.) बह्मिज्वाला	(क.) ताम्रपुष्पी (ख.) कुन्जरा (ग.) भद्रा (घ.) बह्मिज्वाला
54	196	घ	भावप्रकाशनिघण्टु	हरीतक्यादि	1	188	1	 भावप्रकाश के अनुसार मण्डूकपर्णी निम्न में से किसका पर्याय है	(क.) मण्डूकी	(ख.) ब्रहमी	(ग.) मन्जिष्ठा	(घ.) क और ख	(क.) मण्डूकी (ख.) ब्रहमी (ग.) मन्जिष्ठा (घ.) क और ख
55	197	घ	भावप्रकाशनिघण्टु	हरीतक्यादि	1	188	1	मञ्जिष्ठा निम्न में से किसका पर्याय नहीं है	(ख.) मण्डूकपर्णी	(क.) योजनवल्ली	(ग.) रक्तयष्ठिका	(घ.) भद्रवती	(ख.) मण्डूकपर्णी (क.) योजनवल्ली (ग.) रक्तयष्ठिका (घ.) भद्रवती
56	198	क	भावप्रकाशनिघण्टु	हरीतक्यादि	1	195	1	 विशेषाद्वयङ्गनाशनः निम्न में से किसका कर्म है	(क.) अलक्तक	(ख.) शाल्मली	(ग.) मधुयष्ठि	(घ.) नीम	(क.) अलक्तक (ख.) शाल्मली (ग.) मधुयष्ठि (घ.) नीम
57	199	ख	भावप्रकाशनिघण्टु	हरीतक्यादि	1	194	1	पलङ्कषा निम्न में से किसका पर्याय है	(क.) मण्डूकपर्णी	(ख.) लाक्षा	(ग.) गुगुल	(घ.) बह्मी	(क.) मण्डूकपर्णी (ख.) लाक्षा (ग.) गुगुल (घ.) बह्मी
58	200	घ	भावप्रकाशनिघण्टु	हरीतक्यादि	1	196	1	हरिद्रा निम्न में से किसका पर्याय नहीं है	(क.) निशाऽऽख्या	(ख.) योषितप्रिया	(ग.) हटविलासनी	(घ.) भद्रा	(क.) निशाऽऽख्या (ख.) योषितप्रिया (ग.) हटविलासनी (घ.) भद्रा
59	201	घ	भावप्रकाशनिघण्टु	हरीतक्यादि	1	197	1	 हरिद्रा निम्न में से किसका पर्याय है	(क.) काच्चनी	(ख.) पीता	(ग.) वरवर्णिनी	(घ.) सभी	(क.) काच्चनी (ख.) पीता (ग.) वरवर्णिनी (घ.) सभी
60	202	क	भावप्रकाशनिघण्टु	हरीतक्यादि	1	198	1	कर्पूर हरिद्रा की गन्ध किसके समान होती है	(क.) आम्र	(ख.) कर्पूर	(ग.) एला	(घ.) रसोन	(क.) आम्र (ख.) कर्पूर (ग.) एला (घ.) रसोन
61	203	ग	भावप्रकाशनिघण्टु	हरीतक्यादि	1	198	1	सुरभी दारू निम्न में से किसका पर्यायं है	(क.) दारूहल्दी	(ख.) हरिद्रा	(ग.) कर्पूरहरिद्रा	(घ.) तेजोहवा	(क.) दारूहल्दी (ख.) हरिद्रा (ग.) कर्पूरहरिद्रा (घ.) तेजोहवा
62	204	ग	भावप्रकाशनिघण्टु	हरीतक्यादि	1	200	1	कुष्ठवातस्त्रनाशन निम्न में से किसका गुण है	(क.) कर्पूरहरिद्रा	(ख.) हरिद्रा	(ग.) अरण्य हरिद्रा	(घ.) दारूहल्दी	(क.) कर्पूरहरिद्रा (ख.) हरिद्रा (ग.) अरण्य हरिद्रा (घ.) दारूहल्दी
63	205	घ	भावप्रकाशनिघण्टु	हरीतक्यादि	1	201	1	दारूहल्दी निम्न में से किसका पर्याय है	(क.) पर्जन्या	(ख.) कटङकटेरी	(ग.) पचम्पचा	(घ.) सभी	(क.) पर्जन्या (ख.) कटङकटेरी (ग.) पचम्पचा (घ.) सभी
64	206	ग	भावप्रकाशनिघण्टु	हरीतक्यादि	1	202	1	"निशागुणा किन्तु नेत्र कर्णास्यरोगानुत" किसके बारे में कहा गया है	(क.) हरिद्रा	(ख.) दारूहरिद्रा	(ग.) अरण्य हरिद्रा	(घ.) कर्पूर हरिद्रा	(क.) हरिद्रा (ख.) दारूहरिद्रा (ग.) अरण्य हरिद्रा (घ.) कर्पूर हरिद्रा
65	207	ग	भावप्रकाशनिघण्टु	हरीतक्यादि	1	203	1	"...... तत् नेत्रयों परम् हितम्।" किसके बारे में कहा गया है	(क.) मुदग (मूंग)	(ख.) रसांजन	(ग.) गाजर	(घ.) आमलकी	(क.) मुदग (मूंग) (ख.) रसांजन (ग.) गाजर (घ.) आमलकी
66	208	क	भावप्रकाशनिघण्टु	हरीतक्यादि	1	204	1	तार्थ्यशैल, रसगर्भ व तार्क्ष्यज किसके पर्याय है	(क.) रसांजन	(ख.) हरिद्रा	(ग.) शिलाजीत	(घ.) मुक्ताशुक्ति	(क.) रसांजन (ख.) हरिद्रा (ग.) शिलाजीत (घ.) मुक्ताशुक्ति
67	209	घ		हरीतक्यादि			1	बाकुची निम्न में से किसका पर्याय है-	(क.) सोमराजी	(ख.) कालमेषी	(ग.) शशिलेखा	(घ.) सभी	(क.) सोमराजी (ख.) कालमेषी (ग.) शशिलेखा (घ.) सभी
68	210	ग	भावप्रकाशनिघण्टु	हरीतक्यादि	1	1,81,206	1	बाकुची निम्न में से किसका पर्याय नहीं है-	(क.) पूतिफली	(ख.) कालमेषी	(ग.) भद्रवती	(घ.) अवल्गुज	(क.) पूतिफली (ख.) कालमेषी (ग.) भद्रवती (घ.) अवल्गुज
69	211	ख	भावप्रकाशनिघण्टु	हरीतक्यादि	1	210	1	मेषलोचन निम्न में से किसका पयार्य है	(क.) कुचला	(ख.) चक्रमर्द	(ग.) कासमर्द	(घ.) मेषश्रंृगी	(क.) कुचला (ख.) चक्रमर्द (ग.) कासमर्द (घ.) मेषश्रंृगी
70	212	घ	भावप्रकाशनिघण्टु	हरीतक्यादि	1	210, 211	1	चक्रमर्द निम्न में से किसका पर्याय है	(क.) प्रपुन्नाट	(ख.) द्रद्रुघ्न	(ग.) एडगज	(घ.) सभी	(क.) प्रपुन्नाट (ख.) द्रद्रुघ्न (ग.) एडगज (घ.) सभी
71	213	घ	भावप्रकाशनिघण्टु	हरीतक्यादि	1	212	1	अतिविषा निम्न में से किसका पर्याय नहीं हैं	(क.) विश्वा	(ख.) शुक्लकंदा	(ग.) घुणवल्लभा	(घ.) सोमराजी	(क.) विश्वा (ख.) शुक्लकंदा (ग.) घुणवल्लभा (घ.) सोमराजी
72	214	घ	भावप्रकाशनिघण्टु	हरीतक्यादि	1	213	1	अतिविषा निम्न में से किसका पर्याय है	(क.) श्रृंगी	(ख.) अरूणा	(ग.) भंगुरा	(घ.) सभी	(क.) श्रृंगी (ख.) अरूणा (ग.) भंगुरा (घ.) सभी
73	215	क	भावप्रकाशनिघण्टु	हरीतक्यादि	1	215	1	भावप्रकाश ने लोध्र के कितने प्रकार बताए है	(क.) 2	(ख.) 3	(ग.) 4	(घ.) 1	(क.) 2 (ख.) 3 (ग.) 4 (घ.) 1
74	216	ग	भावप्रकाशनिघण्टु	हरीतक्यादि	1	215	1	स्थूलवल्कल निम्न में से किसका पर्याय है	(क.) अर्जुन	(ख.) खदिर	(ग.) लोध्र	(घ.) पीपल	(क.) अर्जुन (ख.) खदिर (ग.) लोध्र (घ.) पीपल
75	217	ख	भावप्रकाशनिघण्टु	हरीतक्यादि	1	216	1	जीर्णपत्र बृहतपत्र, क्रमुक, लाक्षाप्रसादन किसके पर्याय है	(क.) शावर लोध्र	(ख.) पट्टिका लोध्र	(ग.) कुटज	(घ.) एला	(क.) शावर लोध्र (ख.) पट्टिका लोध्र (ग.) कुटज (घ.) एला
76	218	घ	भावप्रकाशनिघण्टु	हरीतक्यादि	1	217	1	 लहसुन निम्न में से किसका पर्याय है	(क.) उग्रगन्ध	(ख.) महौषध	(ग.) म्लेच्छकन्द	(घ.) सभी	(क.) उग्रगन्ध (ख.) महौषध (ग.) म्लेच्छकन्द (घ.) सभी
77	219	ख	भावप्रकाशनिघण्टु	हरीतक्यादि	1	219	1	 लहसुन में कौन-सा रस नही होता	(क.) मधुर	(ख.) अम्ल	(ग.) लवण	(घ.) कषाय	(क.) मधुर (ख.) अम्ल (ग.) लवण (घ.) कषाय
78	220	ग	भावप्रकाशनिघण्टु	हरीतक्यादि	1	224	0	लहसुन सेवन करने वाले के लिए हितकर होता है	(क.) दूध	(ख.) गुड	(ग.) मांस	(घ.) व्यायाम	(क.) दूध (ख.) गुड (ग.) मांस (घ.) व्यायाम
79	221	घ	भावप्रकाशनिघण्टु	हरीतक्यादि	1	225	0	लहसुन सेवन के साथ अहितकर है।	(क.) मद्य	(ख.) अम्लरस	(ग.) मांस	(घ.) गुड	(क.) मद्य (ख.) अम्लरस (ग.) मांस (घ.) गुड
80	222	क	भावप्रकाशनिघण्टु	हरीतक्यादि	1	225	0	रसोन सदृश गुण वाला होता है	(क.) प्लाण्डु	(ख.) शुण्ठी	(ग.) एला	(घ.) धान्यक	(क.) प्लाण्डु (ख.) शुण्ठी (ग.) एला (घ.) धान्यक
81	223	क	भावप्रकाशनिघण्टु	हरीतक्यादि	1	226	1	 पलाण्डु निम्न में से किसका पर्याय है	(क.) यवनेष्ट	(ख.) अरिष्ट	(ग.) उग्रगंध	(घ.) रसोनक	(क.) यवनेष्ट (ख.) अरिष्ट (ग.) उग्रगंध (घ.) रसोनक
82	224	घ	भावप्रकाशनिघण्टु	हरीतक्यादि	1	226	1	पलाण्डु निम्न में से किसका पर्याय है	(क.) मुखदूषक	(ख.) दुर्गन्ध	(ग.) यवनेष्ट	(घ.) सभी	(क.) मुखदूषक (ख.) दुर्गन्ध (ग.) यवनेष्ट (घ.) सभी
83	225	ख	भावप्रकाशनिघण्टु	हरीतक्यादि	1	229	1	अरूष्कर निम्न में से किसका पर्याय है	(क.) चित्रक	(ख.) भिलावा	(ग.) दन्ती	(घ.) मंजिष्ठा	(क.) चित्रक (ख.) भिलावा (ग.) दन्ती (घ.) मंजिष्ठा
84	226	ख	भावप्रकाशनिघण्टु	हरीतक्यादि	1	229	1	अग्निमुखी  क्षीरवृक्ष एवं शोफकृत किसके पर्याय है	(क.) चित्रक	(ख.) भल्लातक	(ग.)कुटज	(घ.)पलाश	(क.) चित्रक (ख.) भल्लातक (ग.)कुटज (घ.)पलाश
85	227	घ	भावप्रकाशनिघण्टु	हरीतक्यादि	1	231	1	भल्लातक का कौन सा भाग बालों के लिए हितकर (केश्य) होता है	(क.) मूल	(ख.) फल	(ग.) मज्जा	(घ.)वृन्त	(क.) मूल (ख.) फल (ग.) मज्जा (घ.)वृन्त
86	228	ख	भावप्रकाशनिघण्टु	हरीतक्यादि	1	234	1	मोहमदवाग्वहनिवर्धिनि निम्न में से किसका गुण है	(क.) मद्य	(ख.) भंगा	(ग.) अफीम	(घ.) धतूरा	(क.) मद्य (ख.) भंगा (ग.) अफीम (घ.) धतूरा
87	229	घ	भावप्रकाशनिघण्टु	हरीतक्यादि	1	238	2	अफीम का वर्णन किस ग्रन्थ में मिलता है	(क.) वाग्भट्ट	(ख.) शार्डगधर	(ग.) भावप्रकाश	(घ.) क और ख	(क.) वाग्भट्ट (ख.) शार्डगधर (ग.) भावप्रकाश (घ.) क और ख
88	230	क	भावप्रकाशनिघण्टु	हरीतक्यादि	1	238	1	पोस्त के किस भाग से अफीम बनता है	(क.) फल के दूध से	 ख. फल की छाल से	(ग.) मूल से	(घ.) पत्र से	(क.) फल के दूध से  ख. फल की छाल से (ग.) मूल से (घ.) पत्र से
89	231	क	भावप्रकाशनिघण्टु	हरीतक्यादि	1	239	0	खाखसतिल है	(क.) खसबीज	(ख.) खसफल	(ग.) खसमूल	(घ.) खसपुष्प	(क.) खसबीज (ख.) खसफल (ग.) खसमूल (घ.) खसपुष्प
90	232	ख	भावप्रकाशनिघण्टु	हरीतक्यादि	1	241	1	 शीतशिव निम्न में से किसका पर्याय है	(क.) धतूरा	(ख.) सैंधव	(ग.) भंगा	(घ.) अहिफेन	(क.) धतूरा (ख.) सैंधव (ग.) भंगा (घ.) अहिफेन
91	233	ग	भावप्रकाशनिघण्टु	हरीतक्यादि	1	241	1	भावप्रकाश ने सैंधव का वर्णन किस वर्ग में किया है	(क.) गुडूच्यादि	(ख.) कर्पूरादि	(ग.) हरीतकयादि	(घ.) वटादि	(क.) गुडूच्यादि (ख.) कर्पूरादि (ग.) हरीतकयादि (घ.) वटादि
92	234	ख	भावप्रकाशनिघण्टु	हरीतक्यादि	1	242	0	 शकम्भरीय है	(क.) सैंधव लवण	(ख.) रोमक लवण	(ग.) विड लवण	(घ.) सौवर्चल	(क.) सैंधव लवण (ख.) रोमक लवण (ग.) विड लवण (घ.) सौवर्चल
93	235	ख	भावप्रकाशनिघण्टु	हरीतक्यादि	1	244	0	 लवणोदधिसम्भव है	(क.) सैंधव	(ख.) सामुद्र	(ग.) सौवर्चल	(घ.) विड लवण	(क.) सैंधव (ख.) सामुद्र (ग.) सौवर्चल (घ.) विड लवण
94	236	ग	भावप्रकाशनिघण्टु	हरीतक्यादि	1	246	1	 उर्ध्वाधः कफवातानुलोमनम् किस लवण का गुण है	(क.) सैंधव	(ख.) सामुद्र	(ग.) विड	(घ.) सौवर्चल	(क.) सैंधव (ख.) सामुद्र (ग.) विड (घ.) सौवर्चल
95	237	ख	भावप्रकाशनिघण्टु	हरीतक्यादि	1	250	1	 पाशु लवण किसे कहते है	(क.) सामुन्द्र लवण	(ख.) औदमिद् लवण	(ग.) विड	(घ.) सौवर्चल	(क.) सामुन्द्र लवण (ख.) औदमिद् लवण (ग.) विड (घ.) सौवर्चल
96	238	घ	भावप्रकाशनिघण्टु	हरीतक्यादि	1	241, 250	1	 भावप्रकाश में कितने प्रकार के लवणों का वर्णन किया है	(क.) 3	(ख.) 4	(ग.) 5	(घ.) 6	(क.) 3 (ख.) 4 (ग.) 5 (घ.) 6
97	239	ग	भावप्रकाशनिघण्टु	हरीतक्यादि	1	256	1	 धातुद्रावक कौन सा क्षार है	(क.) यव	(ख.) सवर्जिका	(ग.) टङ्कण	(घ.) पलाश	(क.) यव (ख.) सवर्जिका (ग.) टङ्कण (घ.) पलाश
98	240	घ	भावप्रकाशनिघण्टु	हरीतक्यादि	1	259	1	भावप्रकाश ने कितने क्षार समूहो का वर्णन किया है	(क.) क्षारद्वय	(ख.) क्षारत्रय	(ग.) क्षाराष्टक	(घ.) सभी	(क.) क्षारद्वय (ख.) क्षारत्रय (ग.) क्षाराष्टक (घ.) सभी
99	241	ग	भावप्रकाशनिघण्टु	हरीतक्यादि	1	259	0	क्षाराष्टक में नहीं है	(क.) यवक्षार	(ख.) अपामार्ग क्षार	(ग.) टङ्कण	(घ.) पलाश क्षार	(क.) यवक्षार (ख.) अपामार्ग क्षार (ग.) टङ्कण (घ.) पलाश क्षार
100	242	 ग	भावप्रकाशनिघण्टु	 कर्पूरादि	2	1	0	हरीतक्यादि वर्ग में नहीं है	(क.) लवण	(ख.) क्षार	(ग.) कपूर	(घ.) लहसून	(क.) लवण (ख.) क्षार (ग.) कपूर (घ.) लहसून
101	243	क	भावप्रकाशनिघण्टु	 कर्पूरादि	2	1	1	 चन्द्रसंज्ञ निम्न में से किसका पर्याय है	(क.) कर्पूर	(ख.) मिश्री	(ग.) लवण	(घ.) पुदीना	(क.) कर्पूर (ख.) मिश्री (ग.) लवण (घ.) पुदीना
102	244	घ	भावप्रकाशनिघण्टु	 कर्पूरादि	2	5	1	 कस्तूरी निम्न में से किसका पर्याय है	(क.) वेदमुख्या	(ख.) मृगमद	(ग.) सहस्रभिद्	(घ.) सभी	(क.) वेदमुख्या (ख.) मृगमद (ग.) सहस्रभिद् (घ.) सभी
103	245	ख	भावप्रकाशनिघण्टु	 कर्पूरादि	2	5,6	1	 कस्तूरी के कितने प्रकार बताए है	(क.) 2	(ख.) 3	(ग.) 4	(घ.) 5	(क.) 2 (ख.) 3 (ग.) 4 (घ.) 5
104	246	क	भावप्रकाशनिघण्टु	 कर्पूरादि	2	7	0	श्रेष्ठ कस्तूरी है	(क.) कामरूप	(ख.) नेपाली	(ग.) कश्मीरी	(घ.) लता कस्तूरी	(क.) कामरूप (ख.) नेपाली (ग.) कश्मीरी (घ.) लता कस्तूरी
105	247	ग	भावप्रकाशनिघण्टु	 कर्पूरादि	2	11	1	भद्रश्री निम्न में से किसका पर्याय है	(क.) हरिद्रा	(ख.) एला	(ग.) चंदन	(घ.) कुंकुम	(क.) हरिद्रा (ख.) एला (ग.) चंदन (घ.) कुंकुम
106	248	ग	भावप्रकाशनिघण्टु		1	14.15	1	कालीयक कौन सा चंदन है	(क.) श्वेत	(ख.) रक्त	(ग.) पीत	(घ.) कृष्ण	(क.) श्वेत (ख.) रक्त (ग.) पीत (घ.) कृष्ण
107	249	ग	भावप्रकाशनिघण्टु		1	18.19	1	 पट्टरंजक निम्न में से किसका पर्याय है	(क.) मंजिष्ठा	(ख.) हरिद्रा	(ग.) पतङ्ग	(घ.) दारूहरिद्रा	(क.) मंजिष्ठा (ख.) हरिद्रा (ग.) पतङ्ग (घ.) दारूहरिद्रा
108	250	क	भावप्रकाशनिघण्टु	 कर्पूरादि	2	20	1	 कौन सा चंदन श्रेष्ठ होता है	(क.) मलयागिरी	(ख.) पतङग	(ग.) कलम्बक	(घ.) पीत	(क.) मलयागिरी (ख.) पतङग (ग.) कलम्बक (घ.) पीत
109	251	घ	भावप्रकाशनिघण्टु	 कर्पूरादि	2	21	1	 अगुरू निम्न में से किसका पर्याय	(क.) प्रवर	(ख.) राजार्ह	(ग.) कृमिजग्ध	(घ.) सभी	(क.) प्रवर (ख.) राजार्ह (ग.) कृमिजग्ध (घ.) सभी
110	252	क	भावप्रकाशनिघण्टु	 कर्पूरादि	2	21	1	 किस वर्णं का अगरू श्रेष्ठ होता है	(क.) श्वेत	(ख.) रक्त	(ग.) कृष्ण	(घ.) पीत	(क.) श्वेत (ख.) रक्त (ग.) कृष्ण (घ.) पीत
111	253	क	भावप्रकाशनिघण्टु	 कर्पूरादि	2	24	1	इन्द्रदारू निम्न में से किसका पर्याय है	(क.) देवदारू	(ख.) दारूहरिद्रा	(ग.) रोहितक	(घ.) मंजिष्ठा	(क.) देवदारू (ख.) दारूहरिद्रा (ग.) रोहितक (घ.) मंजिष्ठा
112	254	घ	भावप्रकाशनिघण्टु	 कर्पूरादि	2	24	1	 देवदारू निम्न में से किसका पर्याय नहीं है	(क.) मस्तदारू	(ख.) दारूभद्र	(ग.) दारू	(घ.) सुरभि दारू	(क.) मस्तदारू (ख.) दारूभद्र (ग.) दारू (घ.) सुरभि दारू
113	255	घ	भावप्रकाशनिघण्टु	 कर्पूरादि	2	26	0	सुरभि दारू है	(क.) देवदारू	(ख.) दारूहरिद्रा	(ग.) अगुरू	(घ.) सरल	(क.) देवदारू (ख.) दारूहरिद्रा (ग.) अगुरू (घ.) सरल
114	256	क	भावप्रकाशनिघण्टु	 कर्पूरादि	2	28	0	 कालानुसूर्या है	(क.) तगर	(ख.) अगरू	(ग.) देवदारू	(घ.) सरल	(क.) तगर (ख.) अगरू (ग.) देवदारू (घ.) सरल
115	257	घ	भावप्रकाशनिघण्टु	 कर्पूरादि	2	32	1	 गुग्गुलु निम्न में से किसका पर्याय नहीं है	(क.) जटायु	(ख.) महिषाक्ष	(ग.) पलन्कश	(घ.) कृमिजग्ध	(क.) जटायु (ख.) महिषाक्ष (ग.) पलन्कश (घ.) कृमिजग्ध
116	258	क	भावप्रकाशनिघण्टु	 कर्पूरादि	2	45	1	गुग्गुलु सेवन के साथ क्या अहितकर नहीं है	(क.) दुग्ध	(ख.) मद्य	(ग.) अम्ल पदार्थ	(घ.) मैथून	(क.) दुग्ध (ख.) मद्य (ग.) अम्ल पदार्थ (घ.) मैथून
117	259	ख	भावप्रकाशनिघण्टु	 कर्पूरादि	2	48	0	देवधूप है	(क.) गुगुलु	(ख.) राल	(ग.) अगुरू	(घ.) चंदन	(क.) गुगुलु (ख.) राल (ग.) अगुरू (घ.) चंदन
118	260	घ	भावप्रकाशनिघण्टु	 कर्पूरादि	2	54	1	जायफल निम्न में से किसका पर्याय नहीं है	(क.) जातिफल	(ख.) मालतीफल	(ग.) जातिकोष	(घ.) जातिपुष्प	(क.) जातिफल (ख.) मालतीफल (ग.) जातिकोष (घ.) जातिपुष्प
119	261	ख	भावप्रकाशनिघण्टु	 कर्पूरादि	2	56	0	जावित्री है	(क.) जायफल का मूल	(ख.) जायफल की त्वचा	(ग.) जायफल का तना	(घ.) जायफल पुष्प	(क.) जायफल का मूल (ख.) जायफल की त्वचा (ग.) जायफल का तना (घ.) जायफल पुष्प
120	262	घ	भावप्रकाशनिघण्टु	 कर्पूरादि	2	58	1	लवङ्ग निम्न में से किसका पर्याय है	(क.) देवकुसुम	(ख.) श्रीप्रसूनक	(ग.) श्रीसंज्ञ	(घ.) श्रीफल	(क.) देवकुसुम (ख.) श्रीप्रसूनक (ग.) श्रीसंज्ञ (घ.) श्रीफल
121	263	घ	भावप्रकाशनिघण्टु	 कर्पूरादि	2	60	1	एला निम्न में से किसका पर्याय	(क.) बृहदेला	(ख.) भद्वैला	(ग.) स्थूलैला	(घ.) सभी	(क.) बृहदेला (ख.) भद्वैला (ग.) स्थूलैला (घ.) सभी
122	264	ग	भावप्रकाशनिघण्टु	 कर्पूरादि	2	60, 61	1	एला निम्न में से किसका पर्याय नहीं है	(क.) बहुला	(ख.) पृथ्वी का	(ग.) भद्रश्री	(घ.) निष्कुटि	(क.) बहुला (ख.) पृथ्वी का (ग.) भद्रश्री (घ.) निष्कुटि
123	265	घ	भावप्रकाशनिघण्टु	 कर्पूरादि	2	63	1	सूक्ष्म एला निम्न में से किसका पर्याय नहीं है	(क.) उपकुन्चिका	(ख.) तुत्था	(ग.) द्राविडी	(घ.) पृथ्वीका	(क.) उपकुन्चिका (ख.) तुत्था (ग.) द्राविडी (घ.) पृथ्वीका
124	266	ख	भावप्रकाशनिघण्टु	 कर्पूरादि	2	67	1	दारूसिता निम्न में से किसका पर्याय है	- क. देवदारू	(ख.) दालचीनी	(ग.) दारूहरिद्रा	(घ.) तेजपत्र	- क. देवदारू (ख.) दालचीनी (ग.) दारूहरिद्रा (घ.) तेजपत्र
125	267	ग	भावप्रकाशनिघण्टु	 कर्पूरादि	2	69	1	नागकेसर निम्न में से किसका पर्याय नही है	(क.) चाम्पेय	(ख.) नागपुष्प	(ग.) नागफल	(घ.) काचनाहव्य	(क.) चाम्पेय (ख.) नागपुष्प (ग.) नागफल (घ.) काचनाहव्य
126	268	ख	भावप्रकाशनिघण्टु	 कर्पूरादि	2	72	0	त्रिजातक में नहीं है	(क.) एला	(ख.) नागकेशर	(ग.) त्वक	(घ.)पत्रक	(क.) एला (ख.) नागकेशर (ग.) त्वक (घ.)पत्रक
127	269	ख	भावप्रकाशनिघण्टु	 कर्पूरादि	2	75	1	कहां पर उत्पन्न केशर उत्तम माना जाता है	(क.) वाहीक	(ख.) काश्मीर	(ग.) पारसीक	(घ.) विन्धयाचल	(क.) वाहीक (ख.) काश्मीर (ग.) पारसीक (घ.) विन्धयाचल
128	270	क	भावप्रकाशनिघण्टु	 कर्पूरादि	2	79	1	गोरोचन निम्न में से किसका पर्याय है	(क.) वन्द्या	(ख.) काश्मीर	(ग.) बाहीक	(घ.) चाम्पेय	(क.) वन्द्या (ख.) काश्मीर (ग.) बाहीक (घ.) चाम्पेय
129	271	ख	भावप्रकाशनिघण्टु	 कर्पूरादि	2	81	0	हटविलासिनी है	(क.) कुकुम	(ख.) स्वल्प नखी	(ग.) भंगा	(घ.) धतूरा	(क.) कुकुम (ख.) स्वल्प नखी (ग.) भंगा (घ.) धतूरा
130	272	घ	भावप्रकाशनिघण्टु	 कर्पूरादि	2	89	1	जटामांसी निम्न में से किसका पर्याय है	(क.) भूतजटा	(ख.) तपस्विनी	(ग.) पारसीक	(घ.) सभी	(क.) भूतजटा (ख.) तपस्विनी (ग.) पारसीक (घ.) सभी
131	273	ख	भावप्रकाशनिघण्टु	 कर्पूरादि	2	93	1	गुनगुन्द्रा निम्न में से किसका पर्याय है  	(क.) गुजा 	(ख.) नागरमोथा 	(ग.) गोरोचना 	(घ.) कुंकुम	(क.) गुजा  (ख.) नागरमोथा  (ग.) गोरोचना  (घ.) कुंकुम
132	274	घ	भावप्रकाशनिघण्टु	 कर्पूरादि	2	95	1	कर्पूर निम्न में से किसका पर्याय है	(क.) वेधमुख्य	(ख.) द्राविड 	(ग.) कल्पक 	(घ.) सभी	(क.) वेधमुख्य (ख.) द्राविड  (ग.) कल्पक  (घ.) सभी
133	275	क	भावप्रकाशनिघण्टु	 कर्पूरादि	2	99	1	षड्ग्रन्था निम्न में से किसका पर्याय है	(क.)शठी	(ख.) एला	(ग.) अतिविषा	(घ.) रसोन	(क.)शठी (ख.) एला (ग.) अतिविषा (घ.) रसोन
134	276	घ	भावप्रकाशनिघण्टु	 कर्पूरादि	2	114	1	पत्राढ्य और धात्रीपत्र किसके पर्याय है	(क.) तेजपत्र	(ख.) आमलकी	(ग.) दालचीनी	(घ.) तालीस पत्र	(क.) तेजपत्र (ख.) आमलकी (ग.) दालचीनी (घ.) तालीस पत्र
135	277	क	भावप्रकाशनिघण्टु	गुडूच्यादि	3	5	1	इन्द्र के द्वारा वानरों पर की गई अमृतवर्षा की बूंदो के पृथ्वी पर पड़ने से किस द्रव्य की उत्पति मानी गई है	(क.) गुडूची	(ख.) लशुन	(ग.) आमलकी	(घ.) शतावरी	(क.) गुडूची (ख.) लशुन (ग.) आमलकी (घ.) शतावरी
136	278	ख	भावप्रकाशनिघण्टु	 कर्पूरादि	2	6	1	मधुपर्णी निम्न में से किसका पर्याय है	(क.) दालचीनी	(ख.) अमृता	(ग.) एला	(घ.) तेजपत्र	(क.) दालचीनी (ख.) अमृता (ग.) एला (घ.) तेजपत्र
137	279	घ	भावप्रकाशनिघण्टु	 कर्पूरादि	2	6,7	1	गिलोय निम्न में से किसका पर्याय नहीं है	(क.) अमृतवल्लरी	(ख.) छिन्नरूहा	(ग.) सोमवल्ली	(घ.) कोई नहीं	(क.) अमृतवल्लरी (ख.) छिन्नरूहा (ग.) सोमवल्ली (घ.) कोई नहीं
138	280	घ	भावप्रकाशनिघण्टु	 कर्पूरादि	2	6,7	1	गुडूची निम्न में से किसका पर्याय है	(क.) वत्सादनी	(ख.) तन्त्रिका	(ग.) चक्रलक्षणिका	(घ.) सभी	(क.) वत्सादनी (ख.) तन्त्रिका (ग.) चक्रलक्षणिका (घ.) सभी
139	281	ख	भावप्रकाशनिघण्टु	 कर्पूरादि	2	12	1	पान का वर्णन भावप्रकाश में किस वर्ग में मिलता है	(क.) हरिद्रादि	(ख.) गुडूच्यादि	(ग.) रसोनादि	(घ.) सभी	(क.) हरिद्रादि (ख.) गुडूच्यादि (ग.) रसोनादि (घ.) सभी
140	282	ख	भावप्रकाशनिघण्टु	 कर्पूरादि	2	13	1	श्रीफल निम्न में से किसका पर्याय है	(क.) धतूरा	(ख.) बिल्व	(ग.) भंगा	(घ.) लवंग	(क.) धतूरा (ख.) बिल्व (ग.) भंगा (घ.) लवंग
141	283	क	भावप्रकाशनिघण्टु	 कर्पूरादि	2	14,16	1	गम्भारी निम्न में से किसका पर्याय नहीं है	(क.) सोम बल्ली	(ख.) मधुपर्णिका	(ग.) पीतरोहिणी	(घ.) काश्मरी	(क.) सोम बल्ली (ख.) मधुपर्णिका (ग.) पीतरोहिणी (घ.) काश्मरी
142	284	ख	भावप्रकाशनिघण्टु	 कर्पूरादि	2	24	1	गणिकारीका निम्न में से किसका पर्याय है	(क.) पाटला	(ख.) अग्निमंथ	(ग.) गम्भारी	(घ.) बिल्व	(क.) पाटला (ख.) अग्निमंथ (ग.) गम्भारी (घ.) बिल्व
143	285	ख	भावप्रकाशनिघण्टु	 कर्पूरादि	2	29,30	1	बृहत पंचमूल का वर्णन भावप्रकाश के किस प्रकरण में किया है	(क.) हरीतक्यादि वर्ग	(ख.) गुडूच्यादि वर्ग	(ग.) वटादि वर्ग	(घ.) वर्णन नहीं	(क.) हरीतक्यादि वर्ग (ख.) गुडूच्यादि वर्ग (ग.) वटादि वर्ग (घ.) वर्णन नहीं
144	286	ग	भावप्रकाशनिघण्टु	 कर्पूरादि	2	38	0	बृहती है	(क.) वार्ताकी	(ख.) कण्टकारी	(ग.) दोनों	(घ.) कोई नहीं	(क.) वार्ताकी (ख.) कण्टकारी (ग.) दोनों (घ.) कोई नहीं
145	287	क	भावप्रकाशनिघण्टु	 कर्पूरादि	2	31	0	अंशुमती है	(क.) शालपर्णी	(ख.) शतावरी	(ग.) काकोली	(घ.) जीवन्ती	(क.) शालपर्णी (ख.) शतावरी (ग.) काकोली (घ.) जीवन्ती
146	288	घ	भावप्रकाशनिघण्टु	 कर्पूरादि	2	38	1	 गोक्षुर निम्न में से किसका पर्याय नहीं है	(क.) पलङ्कषा	(ख.) श्वदंष्ट्रा	(ग.) इक्षुगंधिका	(घ.) दुःस्पर्शा	(क.) पलङ्कषा (ख.) श्वदंष्ट्रा (ग.) इक्षुगंधिका (घ.) दुःस्पर्शा
147	289	क	भावप्रकाशनिघण्टु	 कर्पूरादि	2	41	1	 दशमूल का वर्णन भावप्रकाश में कहां है	(क.) गुडूच्यादि वर्ग	(ख.) हरीतक्यादि वर्ग	(ग.) वटादि वर्ग	(घ.) वर्णन नहीं है	(क.) गुडूच्यादि वर्ग (ख.) हरीतक्यादि वर्ग (ग.) वटादि वर्ग (घ.) वर्णन नहीं है
148	290	क	भावप्रकाशनिघण्टु	 कर्पूरादि	2	50	0	शाकश्रेष्ठा है	(क.) जीवन्ती	(ख.) वार्ताकी	(ग.) चांगेरी	(घ.) पालक	(क.) जीवन्ती (ख.) वार्ताकी (ग.) चांगेरी (घ.) पालक
149	291	ग	भावप्रकाशनिघण्टु	 कर्पूरादि	2	52	0	सूर्यपर्णी है	(क.) शालपर्णी	(ख.) पृश्निपर्णी	(ग.) मुद्रपर्णी	(घ.) माषपर्णी	(क.) शालपर्णी (ख.) पृश्निपर्णी (ग.) मुद्रपर्णी (घ.) माषपर्णी
150	292	घ	भावप्रकाशनिघण्टु	 कर्पूरादि	2	57	0	भावप्रकाश के जीवनीय गण में नहीं है	(क.) माषपर्णी	(ख.) मुद्रपर्णी	(ग.) यष्टिमधु	(घ.) कोई नहीं	(क.) माषपर्णी (ख.) मुद्रपर्णी (ग.) यष्टिमधु (घ.) कोई नहीं
151	293	घ	भावप्रकाशनिघण्टु	 कर्पूरादि	2	60,61,67,68	1	भाव प्रकाश ने शुक्ल एवं रक्त किसके भेद बतायें हैं	(क.) एरण्ड	(ख.) स्नुही	(ग.) अर्क	(घ.) क-ख	(क.) एरण्ड (ख.) स्नुही (ग.) अर्क (घ.) क-ख
152	294	क	भावप्रकाशनिघण्टु	 कर्पूरादि	2	65	0	सप्तविध वृद्धि को दूर करने वाली होता है	(क.) एरण्ड	(ख.) स्नुही	(ग.) रास्ना	(घ.) शाल्लकी	(क.) एरण्ड (ख.) स्नुही (ग.) रास्ना (घ.) शाल्लकी
153	295	घ	भावप्रकाशनिघण्टु	 कर्पूरादि	2	74	1	"भक्षितं विषवन्मतम्" किसके बारे में कहा गया है	(क.) अर्क	(ख.) स्नूही	(ग.) कलिहारी	(घ.) करवीर	(क.) अर्क (ख.) स्नूही (ग.) कलिहारी (घ.) करवीर
154	296	ग	भावप्रकाशनिघण्टु	 कर्पूरादि	2	86	1	मातुलपुत्रक किसके फल को कहते है	(क.) भंगा	(ख.) अहिफेन	(ग.) धतूरा	(घ.) एरण्ड	(क.) भंगा (ख.) अहिफेन (ग.) धतूरा (घ.) एरण्ड
155	297	ख	भावप्रकाशनिघण्टु	 कर्पूरादि	2	93	1	हिङ्गुनिर्यास निम्न में से किसका पर्याय है	(क.) हिङगुल	(ख.) निम्ब	(ग.) पारद	(घ.) हींग	(क.) हिङगुल (ख.) निम्ब (ग.) पारद (घ.) हींग
156	298	घ	भावप्रकाशनिघण्टु	 कर्पूरादि	2	93,94	1	निम्ब निम्न में से किसका पर्याय है	(क.) पारिभद्र	(ख.) पिचुमर्द	(ग.) अरिष्ट	(घ.) सभी	(क.) पारिभद्र (ख.) पिचुमर्द (ग.) अरिष्ट (घ.) सभी
157	299	ग	भावप्रकाशनिघण्टु	 कर्पूरादि	2	97,98	1	विषमुष्टिक एवं केशमुष्टि किसके पर्याय है	(क.) कुचला	(ख.) करवीर	(ग.) महानिम्ब	(घ.) अर्क	(क.) कुचला (ख.) करवीर (ग.) महानिम्ब (घ.) अर्क
158	300	घ	भावप्रकाशनिघण्टु	 कर्पूरादि	2	99	0	मूषिकाविष नाशक है	(क.) अर्क	(ख.) नीम	(ग.) भल्लातक	(घ.) महानिम्ब	(क.) अर्क (ख.) नीम (ग.) भल्लातक (घ.) महानिम्ब
159	301	क	भावप्रकाशनिघण्टु	 कर्पूरादि	2	101	1	गण्डारि निम्न में से किसका पर्याय है	(क.)कांचनार	(ख.) पारिभद्र	(ग.) गुगुल	(घ.) मधुयष्टी	(क.)कांचनार (ख.) पारिभद्र (ग.) गुगुल (घ.) मधुयष्टी
160	302	ख	भावप्रकाशनिघण्टु	 कर्पूरादि	2	105, 107	1	भावप्रकाश ने शिशु के कितने भेद बताए है	(क.) 2	(ख.) 3	(ग.) 4	(घ.)5	(क.) 2 (ख.) 3 (ग.) 4 (घ.)5
161	303	ख	भावप्रकाशनिघण्टु	 कर्पूरादि	2	105	0	श्वेत मरिच है-	(क.) मरिच का भेद	(ख.) शिग्रु के बीज	(ग.) धान्यक	(घ.) मिश्री	(क.) मरिच का भेद (ख.) शिग्रु के बीज (ग.) धान्यक (घ.) मिश्री
162	304	ख	भावप्रकाशनिघण्टु	 कर्पूरादि	2	112	1	भावप्रकाश के अनुसार विष्णुक्रान्ता निम्न में से किसका पर्याय है	(क.) शंखपुष्पी	(ख.) अपराजिता	(ग.) ब्रह्मी	(घ.) गुड्डुची	(क.) शंखपुष्पी (ख.) अपराजिता (ग.) ब्रह्मी (घ.) गुड्डुची
163	305	ग	भावप्रकाशनिघण्टु	 कर्पूरादि	2	116	1	कुटज निम्न में से किसका पर्याय नहीं है	(क.) गिरिमल्लिका	(ख.) कालिंग	(ग.) सिन्दुवार	घ पाण्डुरदुम	(क.) गिरिमल्लिका (ख.) कालिंग (ग.) सिन्दुवार घ पाण्डुरदुम
164	306	घ	भावप्रकाशनिघण्टु	 कर्पूरादि	2	120	0	भावप्रकाश ने करंज का भेद बताया है	(क.) वल्ली करंज	(ख.) कण्टक करंज	(ग.) घृतकरंज	(घ.) क-ख	(क.) वल्ली करंज (ख.) कण्टक करंज (ग.) घृतकरंज (घ.) क-ख
165	307	क	भावप्रकाशनिघण्टु	 कर्पूरादि	2	129	1	आत्मागुप्ता मर्कटी और दुस्पर्शा किसके पर्याय है	(क.) कपिकच्छु	(ख.) गोक्षुर	(ग.) शालमली	(घ.) क-ख	(क.) कपिकच्छु (ख.) गोक्षुर (ग.) शालमली (घ.) क-ख
166	308	ग	भावप्रकाशनिघण्टु	 कर्पूरादि	2	131	1	"तद्बीजं वातशमनं स्मृतं वाजीकरं परम्।" किसके बारे में कहा है	(क.) रास्ना	(ख.) एरण्ड	(ग.) कपिकच्छु	(घ.) बला	(क.) रास्ना (ख.) एरण्ड (ग.) कपिकच्छु (घ.) बला
167	309	क	भावप्रकाशनिघण्टु	 कर्पूरादि	2	140	1	मूषक और सर्प का विष को दूर करने वाला द्रव्य कौन सा है	(क.) अङकोट	(ख.) कपिकच्छु	(ग.) गुन्जा	(घ.) करंज	(क.) अङकोट (ख.) कपिकच्छु (ग.) गुन्जा (घ.) करंज
168	310	घ	भावप्रकाशनिघण्टु	 कर्पूरादि	2	142,44	0	बला चतुष्टय है	(क.) बला महाबला, अतिबला, नागबला	(ख.) वरियारा, सहदेवी, ककहिया, गुलशकरी	(ग.) बला, सहदेवी, महाबला, ऋष्यप्रोक्ता	(घ.) क और ख	(क.) बला महाबला, अतिबला, नागबला (ख.) वरियारा, सहदेवी, ककहिया, गुलशकरी (ग.) बला, सहदेवी, महाबला, ऋष्यप्रोक्ता (घ.) क और ख
169	311	ग	भावप्रकाशनिघण्टु	 कर्पूरादि	2	157	1	पुत्रदाऽवश्या (अवश्य पुत्र देने वाला) कौन सा द्रव्य बताया गया है	(क.) अङकोट	(ख.) लाङगली	(ग.) लक्ष्मणा	(घ.) बला	(क.) अङकोट (ख.) लाङगली (ग.) लक्ष्मणा (घ.) बला
170	312	ख	भावप्रकाशनिघण्टु	 कर्पूरादि	2	157	1	लक्ष्मणा की गंध किसके समान होती है	(क.) वाराहगंध	(ख.) बस्तगंध	(ग.) अश्वगंध	(घ.) गोमूत्र गंध	(क.) वाराहगंध (ख.) बस्तगंध (ग.) अश्वगंध (घ.) गोमूत्र गंध
171	313	घ	भावप्रकाशनिघण्टु	 कर्पूरादि	2	श्, 66	0	दर्भद्वय है	(क.) कुश.काश	(ख.) नल.दर्भ	(ग.) कुश. इक्षु	(घ.) कुश.क्षुरपत्र	(क.) कुश.काश (ख.) नल.दर्भ (ग.) कुश. इक्षु (घ.) कुश.क्षुरपत्र
172	314	ख	भावप्रकाशनिघण्टु	 कर्पूरादि	2	180	0	स्वादुकन्दा है	(क.) वराहीकन्द	(ख.) विदारी कन्द	(ग.) सूरण कंद	(घ.) मुशली कंद	(क.) वराहीकन्द (ख.) विदारी कन्द (ग.) सूरण कंद (घ.) मुशली कंद
173	315	ख	भावप्रकाशनिघण्टु	 कर्पूरादि	2	196	1	कौन सी त्रिवृत हीन गुण वाली है	(क.) श्वेत	(ख.) कृष्ण	(ग.) दोनों के गुण बराबर है	(घ.) कोई नहीं	(क.) श्वेत (ख.) कृष्ण (ग.) दोनों के गुण बराबर है (घ.) कोई नहीं
174	316	ख	भावप्रकाशनिघण्टु	 कर्पूरादि	2	210	1	 प्लीहशत्रु निम्न में से किसका पर्याय है	(क.) रोहितक	(ख.) शरपुंखा	(ग.) पुनर्नवा	(घ.) गिलोय	(क.) रोहितक (ख.) शरपुंखा (ग.) पुनर्नवा (घ.) गिलोय
175	317	ग	भावप्रकाशनिघण्टु	 कर्पूरादि	2	219	1	अधः शल्य निम्न में से किसका पर्याय है	(क.) त्रिवृत	(ख.) गोक्षुर	(ग.) अपामार्ग	(घ.) अम्लतास	(क.) त्रिवृत (ख.) गोक्षुर (ग.) अपामार्ग (घ.) अम्लतास
176	318	ग	भावप्रकाशनिघण्टु	 कर्पूरादि	2	239	1	 केशरंजन निम्न में से किसका पर्याय है	(क.) रीठा	(ख.) शिकाकाई	(ग.) भृङगराज	(घ.) मंजिष्ठा	(क.) रीठा (ख.) शिकाकाई (ग.) भृङगराज (घ.) मंजिष्ठा
177	319	ख	भावप्रकाशनिघण्टु	 कर्पूरादि	2	279,281	1	महौषधी निम्न में से किसका पर्याय है	(क.) श्रृंगवेर	(ख.) मण्डूकपर्णी	(ग.) गिलोय	(घ.) आमलकी	(क.) श्रृंगवेर (ख.) मण्डूकपर्णी (ग.) गिलोय (घ.) आमलकी
178	320	क	भावप्रकाशनिघण्टु	गुडूच्यादि	3	1	1	पुष्पवर्ग में सर्वप्रथम किस द्रव्य का वर्णन है	(क.) कमल	(ख.) गुलाब	(ग.) चमेली	(घ.) जूही	(क.) कमल (ख.) गुलाब (ग.) चमेली (घ.) जूही
179	321	घ	भावप्रकाशनिघण्टु	गुडूच्यादि	3	62	1	तुलसी निम्न में से किसका पर्याय है	(क.) बहुमंजरी	(ख.) अपेतराक्षसी	(ग.) भूतघ्नी	(घ.) सभी	(क.) बहुमंजरी (ख.) अपेतराक्षसी (ग.) भूतघ्नी (घ.) सभी
180	322	ग	भावप्रकाशनिघण्टु	गुडूच्यादि	3	62	1	देवदुन्दुभि निम्न में से किसका पर्याय है	(क.) धतूरा	(ख.) कर्पूर	(ग.) तुलसी	(घ.) पीपल	(क.) धतूरा (ख.) कर्पूर (ग.) तुलसी (घ.) पीपल
181	323	क	भावप्रकाशनिघण्टु	गुडूच्यादि	3	15	0	पंचक्षीरी वृक्षों में नहीं है	(क.) शिरीष	(ख.) पारीष	(ग.) प्लक्ष	(घ.) उदुम्बर	(क.) शिरीष (ख.) पारीष (ग.) प्लक्ष (घ.) उदुम्बर
182	324	घ	भावप्रकाशनिघण्टु	गुडूच्यादि	3	15	0	न्यग्रोध उदुम्बर पीपल, पारीष, एवं प्लक्ष को सामूहिक रूप में कहते है	(क.) पंचवल्कल	(ख.) पंचक्षीरी	(ग.) पंचमूल	(घ.) क-ख	(क.) पंचवल्कल (ख.) पंचक्षीरी (ग.) पंचमूल (घ.) क-ख
183	325	ख	भावप्रकाशनिघण्टु	गुडूच्यादि	3	26	0	अर्जुन का वर्णन मिलता है	(क.) आम्रादिवर्ग में	(ख.) वटादि वर्ग में	(ग.) हरीतक्यादि	(घ.) गुडूच्यादि वर्ग में	(क.) आम्रादिवर्ग में (ख.) वटादि वर्ग में (ग.) हरीतक्यादि (घ.) गुडूच्यादि वर्ग में
184	326	क	भावप्रकाशनिघण्टु	गुडूच्यादि	3	38	1	गर्भपातन निम्न में से किसका पर्याय है	(क.) अरिष्टक	(ख.) लाङगली	(ग.) टंकण	(घ.) उलट कम्बल	(क.) अरिष्टक (ख.) लाङगली (ग.) टंकण (घ.) उलट कम्बल
185	327	घ	भावप्रकाशनिघण्टु	गुडूच्यादि	3	49	0	क्षारश्रेष्ठ पर्याय निम्न में से किसका है	(क.) अपामार्ग	(ख.) पलाश	(ग.) टंकण	(घ.) सर्जिका	(क.) अपामार्ग (ख.) पलाश (ग.) टंकण (घ.) सर्जिका
186	328	क	भावप्रकाशनिघण्टु	गुडूच्यादि	3	56	1	मोचरस रस निम्न में से किसका निर्यास है	(क.) शाल्मली	(ख.) शल्लकी	(ग.) गुगुल	(घ.) शिग्रु	(क.) शाल्मली (ख.) शल्लकी (ग.) गुगुल (घ.) शिग्रु
187	329	ग	भावप्रकाशनिघण्टु				1	सुमेलित कीजिए -   क. स्थूलवल्कल                 1. सप्तपर्ण           ख. बहुलवल्कल                2.भूर्जपत्र                                                                ग. विशालत्वक्                 3. कटफल                                                           घ.  सोमवल्कल                4. लोध्र	(क.) i-1, ii-2, iii-3-iv-4	(ख.) 1-2, ii-1-, iii-3 iv-4	(ग.)i-4, ii-2, iii-1, iv-3		(क.) i-1, ii-2, iii-3-iv-4 (ख.) 1-2, ii-1-, iii-3 iv-4 (ग.)i-4, ii-2, iii-1, iv-3 
188	330	क					1	सुमेलित कीजिए -    i. आम आम्र फल                       1. वातहर, स्लेष्मशुक्रवर्धन ii.शुष्कामाम्र फल                      2. वातहर पितप्रकोप iii. पकवाम्र फल                        3. वातपित कृत्त  iv. वृक्षापक्वान फल                    4. कफवातजित   	क i-3, ii-1, iii-4, iv-2	(ख.) i-1, ii-2, iii-3, iv-4	(ग.) i-1, ii-3, iii-4, iv-2	(घ.) i-3, ii-4, iii-2, iv-1	क i-3, ii-1, iii-4, iv-2 (ख.) i-1, ii-2, iii-3, iv-4 (ग.) i-1, ii-3, iii-4, iv-2 (घ.) i-3, ii-4, iii-2, iv-1
189	331	घ	भावप्रकाशनिघण्टु		4	14	0	आम्रातियोग के कारण उत्पन्न दोषों के निवारण की चिकित्सा है	(क.) सोंठ के साथ जल पीना	(ख.) सौवर्चल लवण + जीरा	(ग.) मधुयष्टी + मधु + घृत	(घ.) क और ख	(क.) सोंठ के साथ जल पीना (ख.) सौवर्चल लवण + जीरा (ग.) मधुयष्टी + मधु + घृत (घ.) क और ख
190	332	क	भावप्रकाशनिघण्टु		4	15	1	आम्रावर्त किस भाग से बनता है	(क.) आम्ररस	(ख.) आम्र त्वक	(ग.) आम्र फल	(घ.) आम्र पुष्प	(क.) आम्ररस (ख.) आम्र त्वक (ग.) आम्र फल (घ.) आम्र पुष्प
191	333	क	भावप्रकाशनिघण्टु		4	29	0	 विशेषात... वज्यों गुल्मिभिः मन्दवहिनभि (गुल्म व मन्दाग्नि वाले रोगियों के लिए वर्जित है)	(क.) पनस	(ख.) आम आम्र फल	(ग.) लकुच	(घ.) कदली	(क.) पनस (ख.) आम आम्र फल (ग.) लकुच (घ.) कदली
192	334	क	भावप्रकाशनिघण्टु		4	35	1	अशुमतीफला निम्न में से किसका पर्याय है	(क.) कदली (केला)	(ख.) आम्र (आम)	(ग.) नारिकेल (नारियल)	(घ.) कालिन्दस (तरबूज)	(क.) कदली (केला) (ख.) आम्र (आम) (ग.) नारिकेल (नारियल) (घ.) कालिन्दस (तरबूज)
193	335	क					1	सुमेलित कीजिए- क. कण्टकिफल            1. कदलीफल ख. अंशुमती फला         2. त्रपुस ग. अतिवृहत फल         3. नारियल  घ. स्कन्ध फल              4. कटहल                                                                   	क i-2, ii-1, iii-4, iv-3	(ख.) i-1, ii-2, iii-3, iv-4	(ग.) i-1, ii-3, iii-4, iv-2 	(घ.) i-3, ii-4, iii-2, iv-1	क i-2, ii-1, iii-4, iv-3 (ख.) i-1, ii-2, iii-3, iv-4 (ग.) i-1, ii-3, iii-4, iv-2  (घ.) i-3, ii-4, iii-2, iv-1
194	336	घ	भावप्रकाशनिघण्टु		4	44	1	दशाङ्गुल निम्न में से किसका पर्याय है	(क.) कदली फल	(ख.) पनस (कटहल) 	(ग.) तरबूज	(घ.) खरबूजा	(क.) कदली फल (ख.) पनस (कटहल)  (ग.) तरबूज (घ.) खरबूजा
195	337	घ	भावप्रकाशनिघण्टु		4	60	1	कौन सा फल शुष्क ही श्रेष्ठ होता है	(क.) द्राक्षा	(ख.) बिल्व	(ग.) हरड़	(घ.) सभी	(क.) द्राक्षा (ख.) बिल्व (ग.) हरड़ (घ.) सभी
196	338	ग	भावप्रकाशनिघण्टु		4	61	1	पुष्पफल एवं दधिफल किसके पर्याय हैं	(क.) अम्लतास	(ख.) नारिकेल फल	(ग.) कपित्थ फल	(घ.) स्नूही	(क.) अम्लतास (ख.) नारिकेल फल (ग.) कपित्थ फल (घ.) स्नूही
197	339	घ	भावप्रकाशनिघण्टु		4	83,31	0	बहुल वल्कल है	(क.) प्रियाल	(ख.) खदिर	(ग.) भूर्जपत्र	(घ.) क-ख	(क.) प्रियाल (ख.) खदिर (ग.) भूर्जपत्र (घ.) क-ख
198	340	क	भावप्रकाशनिघण्टु		4	90	0	गर्भसंस्थापकं परम् है	(क.) पदमाक्ष	(ख.) अरिष्ठक	(ग.) लक्ष्मणा	(घ.) पुत्रजीवक	(क.) पदमाक्ष (ख.) अरिष्ठक (ग.) लक्ष्मणा (घ.) पुत्रजीवक
199	341	ग	भावप्रकाशनिघण्टु		4	92	0	 जलफल पर्याय है 	(क.) नारियल	(ख.) खरबूजा	(ग.) शृगांटक	(घ.) तरबूज	(क.) नारियल (ख.) खरबूजा (ग.) शृगांटक (घ.) तरबूज
200	342	क	भावप्रकाशनिघण्टु		4	109	0	स्वादुफला पर्याय है	(क.) द्राक्षा	(ख.) आम्र	(ग.) कदली	(घ.) तरबूज	(क.) द्राक्षा (ख.) आम्र (ग.) कदली (घ.) तरबूज
201	343	ख	भावप्रकाशनिघण्टु		4	113	1	मुनक्का (द्राक्षा) का आकार कैसा है	(क.) गोमुख सम	(ख.) गोस्तन	(ग.) गोखुर सदृश	(घ.) गाय के रंग समान	(क.) गोमुख सम (ख.) गोस्तन (ग.) गोखुर सदृश (घ.) गाय के रंग समान
202	344	घ	भावप्रकाशनिघण्टु		4	115,120	1	खजूर निम्न में से किसका पर्याय है	(क.) स्वल्प खजूर	(ख.) पिण्डखजूर	(ग.) छोहारा	(घ.) सभी	(क.) स्वल्प खजूर (ख.) पिण्डखजूर (ग.) छोहारा (घ.) सभी
203	345	क	भावप्रकाशनिघण्टु		4	121.122	1	सुलेमानि खर्जूर निम्न में से किसका पर्याय है	(क.) पिण्डखर्जूर	(ख.) छोहारा	(ग.) भूमि खर्जूर	(घ.) स्वल्पखर्जूर	(क.) पिण्डखर्जूर (ख.) छोहारा (ग.) भूमि खर्जूर (घ.) स्वल्पखर्जूर
204	346	क	भावप्रकाशनिघण्टु		4	123	1	नेत्रोपमफल निम्न में से किसका पर्याय है	(क.) वाताद (बादाम)	(ख.) सेब	(ग.) मुनक्का	(घ.) अखरोट	(क.) वाताद (बादाम) (ख.) सेब (ग.) मुनक्का (घ.) अखरोट
205	347	घ	भावप्रकाशनिघण्टु		4	125	1	मुष्टिप्रमाण व बदर किस फल के नाम हैं	(क.) बादाम	(ख.) आम्र	(ग.) कोल	(घ.) सेब	(क.) बादाम (ख.) आम्र (ग.) कोल (घ.) सेब
206	348	ग	भावप्रकाशनिघण्टु		4	127	0	 मुगलों के देशों में बहुलता से पाया जाता है	(क.) सेब	(ख.) बादाम	(ग.) नाशपाती	(घ.) आम्र	(क.) सेब (ख.) बादाम (ग.) नाशपाती (घ.) आम्र
207	349	ग	भावप्रकाशनिघण्टु		4	137	0	कृमिसमूहनाशक है	(क.) बीजपूरक	(ख.) जम्बीरी निम्बू	(ग.) निम्बुक	(घ.) मधुकर्कटी	(क.) बीजपूरक (ख.) जम्बीरी निम्बू (ग.) निम्बुक (घ.) मधुकर्कटी
208	350	क	भावप्रकाशनिघण्टु		4	56	0	बिल्व कर्कटी है	(क.) बिल्व फल	(ख.) बिल्व मज्जा	(ग.) बिल्व पत्र	(घ.) बिल्व मूल	(क.) बिल्व फल (ख.) बिल्व मज्जा (ग.) बिल्व पत्र (घ.) बिल्व मूल
209	351	घ	भावप्रकाशनिघण्टु		4	60	1	  कौन सा फल शुष्क अधिक गुणकारी होता है	(क.) बिल्व	(ख.) द्राक्षा	(ग.) हरड़	(घ.) सभी	(क.) बिल्व (ख.) द्राक्षा (ग.) हरड़ (घ.) सभी
210	352	ख	भावप्रकाशनिघण्टु		4	61	1	कपिप्रिय दधिफल एवं दन्तराठ किसके पर्याय हैं	(क.) बिल्व	(ख.) कपित्थ	(ग.) गिलोय	(घ.) नीम	(क.) बिल्व (ख.) कपित्थ (ग.) गिलोय (घ.) नीम
211	353	ग	भावप्रकाशनिघण्टु		4	63	1	त्वक्सुगन्ध एवं मुखप्रिय किसके पर्याय हैं	(क.) एला	(ख.) दालचीनी	(ग.) नारङगी	(घ.) लवंग	(क.) एला (ख.) दालचीनी (ग.) नारङगी (घ.) लवंग
212	354	क	भावप्रकाशनिघण्टु		4	101	1	भावप्रकाश ने स्वादानुसार अनार का फल कितने प्रकार का बताया है	(क.) 3	(ख.) 2	(ग.) 4	(घ.) 5	(क.) 3 (ख.) 2 (ग.) 4 (घ.) 5
213	355	ग	भावप्रकाशनिघण्टु		4	108	1	पयः प्रसादी निम्न में से किसका पर्याय है	(क.) द्राक्षा	(ख.) परूषक	(ग.) कतक	(घ.) शहतूत	(क.) द्राक्षा (ख.) परूषक (ग.) कतक (घ.) शहतूत
214	356	ख	भावप्रकाशनिघण्टु		4	150	0	चतुरम्ल में नहीं होता है	(क.) अम्लवेतस	(ख.) बिजौरा निम्बू	(ग.) वृक्षाम्ल	(घ.) जम्बीरी निम्बू	(क.) अम्लवेतस (ख.) बिजौरा निम्बू (ग.) वृक्षाम्ल (घ.) जम्बीरी निम्बू
215	357	ग	भावप्रकाशनिघण्टु		4	150	1	पंचाम्ल में चतुराम्ल के अतिरिक्त कौन सा द्रव्य होता है	(क.) इम्लिका	(ख.) वृक्षाम्ल	(ग.) बिजौरा निम्बू	(घ.) कमरख	(क.) इम्लिका (ख.) वृक्षाम्ल (ग.) बिजौरा निम्बू (घ.) कमरख
216	358	ख	भावप्रकाशनिघण्टु	धात्वादि		1	1	भावप्रकाश में कितनी धातुएँ बताई हैं	(क.) 5	(ख.) 7	(ग.) 9	(घ.) 6	(क.) 5 (ख.) 7 (ग.) 9 (घ.) 6
217	359	क	भावप्रकाशनिघण्टु	धात्वादि		3	1	अग्निदेव के वीर्य से किस धातु की उत्पत्ति होती है	(क.) स्वर्ण	(ख.) रजत		(घ.) यशद	(क.) स्वर्ण (ख.) रजत  (घ.) यशद
218	360	ख	भावप्रकाशनिघण्टु	धात्वादि		4	1	कृत्रिम स्वर्ण की उत्पत्ति किस द्रव्य से होती है	(क.) हिंगुल	(ख.) पारद के वेधन से 	(ग.) शिलाजतु	(घ.) स्वर्ण माक्षिक	(क.) हिंगुल (ख.) पारद के वेधन से  (ग.) शिलाजतु (घ.) स्वर्ण माक्षिक
219	361	ख	भावप्रकाशनिघण्टु	धात्वादि		16	0	 चांदी की उत्पत्ति होती है	(क.) शिव जी के वीर्य से	(ख.) शिव जी के अश्रु से	(ग.) पार्वती के अश्रु से	(घ.) चंद्रमा से	(क.) शिव जी के वीर्य से (ख.) शिव जी के अश्रु से (ग.) पार्वती के अश्रु से (घ.) चंद्रमा से
220	362	ग	भावप्रकाशनिघण्टु	धात्वादि		17	0	कृत्रिम चांदी की उत्पत्ति होती है	(क.) पारद से	(ख.) स्वर्ण से	(ग.) वङगादि एवं पारद से	(घ.) वङगादि एवं गंधक से	(क.) पारद से (ख.) स्वर्ण से (ग.) वङगादि एवं पारद से (घ.) वङगादि एवं गंधक से
221	363	ग	भावप्रकाशनिघण्टु	धात्वादि		22	1	ताम्र की उत्पति कैसे होती है	(क.) शिव जी के वीर्य से	(ख.) अग्निदेव के वीर्य से	(ग.) कार्तिकेय के वीर्य से	(घ.) रूद्र के वीर्य से	(क.) शिव जी के वीर्य से (ख.) अग्निदेव के वीर्य से (ग.) कार्तिकेय के वीर्य से (घ.) रूद्र के वीर्य से
222	364	ग	भावप्रकाशनिघण्टु	धात्वादि		28	1	 ताम्र की अनुत्कृष्ट् भस्म से कितने दोष होते हैं	(क.) 5	(ख.) 6	(ग.) 8	(घ.) 9	(क.) 5 (ख.) 6 (ग.) 8 (घ.) 9
223	365	क	भावप्रकाशनिघण्टु	धात्वादि		29	1	 रांगा के कितने भेद भावप्रकाश में बताए हैं	(क.) 2	(ख.) 3	(ग.) 4	(घ.) केवल एक	(क.) 2 (ख.) 3 (ग.) 4 (घ.) केवल एक
224	366	घ	भावप्रकाशनिघण्टु	धात्वादि		23	1	रविप्रिय किस धातु निम्न में से किसका पर्याय है	(क.) स्वर्ण	(ख.) रजत	(ग.) यशद	(घ.) ताम्र	(क.) स्वर्ण (ख.) रजत (ग.) यशद (घ.) ताम्र
225	367	ख	भावप्रकाशनिघण्टु	धात्वादि		4.35	1	 किन देवताओं से किस धातु की उत्पति होती है सुमेलित कीजिए-        i. शिव जी                    1. सुवर्ण ii. कार्तिकेय                2.  रजत iii. वासु की                 3.ताम्र  iv.  अगि्नदेव               4. नाग	(क.) 1-2, ii-1, iii-4, iv-3 	(ख.) i-2, ii-3, iii-4, iv-1 	(ग.). i-1, ii-3, iii-4, iv-2 	(घ.) i-3, ii-4, iii-2, iv-1	(क.) 1-2, ii-1, iii-4, iv-3  (ख.) i-2, ii-3, iii-4, iv-1  (ग.). i-1, ii-3, iii-4, iv-2  (घ.) i-3, ii-4, iii-2, iv-1
226	368	घ	भावप्रकाशनिघण्टु	धात्वादि		40	1	लौह धातु के कितने दोष बताए हैं	(क.) 2	(ख.) 3	(ग.) 5	(घ.) 7	(क.) 2 (ख.) 3 (ग.) 5 (घ.) 7
227	369	घ	भावप्रकाशनिघण्टु	धात्वादि		45	1	 लौह सेवन के समय त्याज्य पदार्थ है	(क.) कूष्मांड	(ख.) तिल तैल	(ग.) मद्य	(घ.) सभी	(क.) कूष्मांड (ख.) तिल तैल (ग.) मद्य (घ.) सभी
228	370	ख	भावप्रकाशनिघण्टु	धात्वादि		53	1	भावप्रकाश में कितनी उपधातुएँ बताई गईं हैं	(क.) 5	(ख.) 7	(ग.) 8	(घ.) 9	(क.) 5 (ख.) 7 (ग.) 8 (घ.) 9
229	371	ग	भावप्रकाशनिघण्टु	धात्वादि		66	1	वितुन्नक शिखिग्रीव एवं मयूरक किसके पर्याय है	(क.) ताम्र	(ख.) स्वर्णमाक्षिक	(ग.) तुत्थ	(घ.) खर्पर	(क.) ताम्र (ख.) स्वर्णमाक्षिक (ग.) तुत्थ (घ.) खर्पर
230	372	ख	भावप्रकाशनिघण्टु	धात्वादि		69	0	कास्य की उत्पति होती है	(क.) ताम्र से	(ख.) ताम्र+वंग से	(ग.) यशद +ताम्र	(घ.) यशद +वंग से	(क.) ताम्र से (ख.) ताम्र+वंग से (ग.) यशद +ताम्र (घ.) यशद +वंग से
231	373	घ	भावप्रकाशनिघण्टु	धात्वादि		72	0	आरकूट किस उपधातु निम्न में से किसका पर्याय है	(क.) स्वर्णमाक्षिक	(ख.) कास्य	(ग.) खर्पर	(घ.) पितल	(क.) स्वर्णमाक्षिक (ख.) कास्य (ग.) खर्पर (घ.) पितल
232	374	क	भावप्रकाशनिघण्टु	धात्वादि		73	0	 पितल की उत्पति होती है	(क.) ताम्र + यशद से	(ख.) ताम्र + वङग से	(ग.) यशद + वङग से	(घ.) स्वर्ण + ताम्र से	(क.) ताम्र + यशद से (ख.) ताम्र + वङग से (ग.) यशद + वङग से (घ.) स्वर्ण + ताम्र से
233	375	ख	भावप्रकाशनिघण्टु	धात्वादि		76,77	1	सिंदूर निम्न में से किसकी उपधातु है	(क.) यशद	(ख.) नाग	(ग.) ताम्र	(ग.) ताम्र	(क.) यशद (ख.) नाग (ग.) ताम्र (ग.) ताम्र
234	376	ग	भावप्रकाशनिघण्टु	धात्वादि		79	1	शिलाजीत के कितने भेद हैं	(क.) 2	(ख.) 3	(ग.) 4	(घ.) 6	(क.) 2 (ख.) 3 (ग.) 4 (घ.) 6
235	377	ग	भावप्रकाशनिघण्टु	धात्वादि		83	0	सौवर्ण शिलाजीत का वर्ण होता है	(क.) पाण्डुर	(ख.) मयूर कण्ठ	(ग.) जपा पुष्प	(घ.) जटायु पक्षाभः	(क.) पाण्डुर (ख.) मयूर कण्ठ (ग.) जपा पुष्प (घ.) जटायु पक्षाभः
236	378	ख	भावप्रकाशनिघण्टु	धात्वादि		84	0	रजत शिलाजीत का वर्ण होता है	(क.) कृष्ण	ख पाण्डर	(ग.) रक्त	(घ.) जपा पुष्प	(क.) कृष्ण ख पाण्डर (ग.) रक्त (घ.) जपा पुष्प
237	379	ख	भावप्रकाशनिघण्टु	धात्वादि		84	0	ताम्र शिलाजीत का वर्ण होता है	(क.) जपापुष्प समान	(ख.) मयूर कण्ठ समवत	(ग.) कृष्ण	(घ.) पाण्डुर	(क.) जपापुष्प समान (ख.) मयूर कण्ठ समवत (ग.) कृष्ण (घ.) पाण्डुर
238	380	ग	भावप्रकाशनिघण्टु	धात्वादि		85	0	 लौह शिलाजीत का वर्ण होता है	(क.) कृष्ण	(ख.) श्वेत	(ग.) जटायु पक्षाभं घ. मयूर कण्ठ	समवत्	(क.) कृष्ण (ख.) श्वेत (ग.) जटायु पक्षाभं घ. मयूर कण्ठ समवत्
239	381	घ	भावप्रकाशनिघण्टु	धात्वादि		85	1	कौन सा शिलाजीत सर्वश्रेष्ठ होता है	(क.) सौवर्ण	(ख.) ताम्र	(ग.) रजत	(घ.) लौह	(क.) सौवर्ण (ख.) ताम्र (ग.) रजत (घ.) लौह
240	382	ग	भावप्रकाशनिघण्टु	धात्वादि		88	0	पारद के भेद	(क.) 2	(ख.) 3	(ग.) 4	(घ.) 6	(क.) 2 (ख.) 3 (ग.) 4 (घ.) 6
241	383	ख	भावप्रकाशनिघण्टु	धात्वादि		81	1	किस वर्ण का पारद रसायन कर्म में उत्तम है	(क.) श्वेत	(ख.) रक्त	(ग.) पीत	(घ.) कृष्ण	(क.) श्वेत (ख.) रक्त (ग.) पीत (घ.) कृष्ण
242	384	क	भावप्रकाशनिघण्टु	धात्वादि		81	0	रूजा नाश के लिए उत्तम है	(क.) श्वेत	(ख.) पीत	(ग.) रक्त	(घ.) कृष्ण	(क.) श्वेत (ख.) पीत (ग.) रक्त (घ.) कृष्ण
243	385	घ	भावप्रकाशनिघण्टु	धात्वादि		91,92	0	पारद के पर्याय है	(क.) रस धातु	(ख.) सूत	(ग.) महारस	(घ.) सभी	(क.) रस धातु (ख.) सूत (ग.) महारस (घ.) सभी
244	386	घ	भावप्रकाशनिघण्टु	धात्वादि		96	1	 पारद के स्वाभाविक दोष कितने हैं	(क.) 4	(ख.) 5	(ग.) 6	(घ.) 7	(क.) 4 (ख.) 5 (ग.) 6 (घ.) 7
245	387	ख	भावप्रकाशनिघण्टु	धात्वादि		97	0	पारद के वंग दोष का कार्य है	(क.) मूर्च्छा	(ख.) कुष्ठ	(ग.) जडता	(घ.) वीर्यनाश	(क.) मूर्च्छा (ख.) कुष्ठ (ग.) जडता (घ.) वीर्यनाश
246	388	ख	भावप्रकाशनिघण्टु	धात्वादि		101	0	उपरसो की संख्या है	(क.) 10	(ख.) 20	(ग.) 30	(घ.) 36	(क.) 10 (ख.) 20 (ग.) 30 (घ.) 36
247	389	घ	भावप्रकाशनिघण्टु	धात्वादि		102	0	 हिहुल निम्न में से किसका पर्याय नहीं है	(क.) दरद	(ख.) मलेच्छ	(ग.) चूर्ण पारद	(घ.) चर्मार	(क.) दरद (ख.) मलेच्छ (ग.) चूर्ण पारद (घ.) चर्मार
248	390	ख	भावप्रकाशनिघण्टु	धात्वादि		103	0	हिगुल के भेद	(क.) 2	(ख.) 3	(ग.) 4	(घ.) 6	(क.) 2 (ख.) 3 (ग.) 4 (घ.) 6
249	391	ख	भावप्रकाशनिघण्टु	धात्वादि		104	1	निम्नलिखित में से कौन सा हिंगुल का भेद नहीं है	(क.) चर्मार	(ख.) मलेच्छ	(ग.) शुक्रतुण्ड	(घ.) हंसपाद	(क.) चर्मार (ख.) मलेच्छ (ग.) शुक्रतुण्ड (घ.) हंसपाद
250	392	ग	भावप्रकाशनिघण्टु	धात्वादि		104	0	 सर्वोत्तम हिंगुल प्रकार है	(क.) चर्मार	(ख.) शुक्रतुण्डक	(ग.) हंसपाद	(घ.) दरद	(क.) चर्मार (ख.) शुक्रतुण्डक (ग.) हंसपाद (घ.) दरद
251	393	घ	भावप्रकाशनिघण्टु	धात्वादि		109	1	गन्धक निम्न में से किसका पर्याय है	(क.) गन्धकपाषाण	(ख.) बलि	(ग.) बल रस	(घ.) सभी	(क.) गन्धकपाषाण (ख.) बलि (ग.) बल रस (घ.) सभी
252	394	ग	भावप्रकाशनिघण्टु	धात्वादि		109	0	गन्धक के भेद	(क.) 2	(ख.) 3	(ग.) 4	(घ.) 6	(क.) 2 (ख.) 3 (ग.) 4 (घ.) 6
253	395	ख	भावप्रकाशनिघण्टु	धात्वादि		110	1	कौन सा गन्धक स्वर्ण बनाने के काम आता है	(क.) पीत वर्ण	(ख.) रक्तवर्ण	(ग.) श्वेत वर्ण	(घ.) कृष्ण वर्ण	(क.) पीत वर्ण (ख.) रक्तवर्ण (ग.) श्वेत वर्ण (घ.) कृष्ण वर्ण
254	396	घ	भावप्रकाशनिघण्टु	धात्वादि		110	0	व्रणादि पर लेप युक्त गन्धक	(क.) रक्त वर्ण	(ख.) पीत	(ग.) कृष्ण	(घ.) श्वेत	(क.) रक्त वर्ण (ख.) पीत (ग.) कृष्ण (घ.) श्वेत
255	397	ख	भावप्रकाशनिघण्टु	धात्वादि		110	0	श्रेष्ठ गन्धक है	(क.) रस वर्ण	(ख.) कृष्ण वर्ण	(ग.) पीत वर्ण	(घ.) श्वेत	(क.) रस वर्ण (ख.) कृष्ण वर्ण (ग.) पीत वर्ण (घ.) श्वेत
256	398	ग	भावप्रकाशनिघण्टु	धात्वादि		110	0	सुदुर्लभः गन्धक है	(क.) श्वेत	(ख.) रक्त	(ग.) कृष्ण	(घ.) पीत	(क.) श्वेत (ख.) रक्त (ग.) कृष्ण (घ.) पीत
257	399	ग	भावप्रकाशनिघण्टु	धात्वादि		111	1	निम्नलिखित में से कौन-सा तथ्य गन्धक के सन्दर्भ में गलत हैं	(क.) कफ वात हर	(ख.) रसायन	(ग.) मधुर विपाक	(घ.) उष्ण वीर्य	(क.) कफ वात हर (ख.) रसायन (ग.) मधुर विपाक (घ.) उष्ण वीर्य
258	400	ग	भावप्रकाशनिघण्टु	धात्वादि		112	1	निम्नलिखित में से कौन-सा अशुद्ध गन्धक का दोष नहीं है	(क.) ओज नाशक	(ख.) कुष्ठ	(ग.) आमवात	(घ.) विषम ज्वर	(क.) ओज नाशक (ख.) कुष्ठ (ग.) आमवात (घ.) विषम ज्वर
259	401	ग	भावप्रकाशनिघण्टु	धात्वादि		115	1	अभ्रक निम्न में से किसका पर्याय है	(क.) गगन	(ख.) वज्र	(ग.) दोनो	(घ.) कोई नहीं	(क.) गगन (ख.) वज्र (ग.) दोनो (घ.) कोई नहीं
260	402	ख	भावप्रकाशनिघण्टु	धात्वादि		117	1	सुमेल्लित करे  i. श्वेत अभ्रक               1. रसायन कर्म ii. रक्त अभ्रक             2. चादी बनाने हेतु iii. पीत अभ्रक             3. स्वर्ण बनाने हेतु iv. कृष्ण अभ्रक            4. रोग नष्ट करने हेतु	(क.) i-2, ii-1, iii-4, iv-3	(ख.) i-2, ii-1, iii-3, iv-4	(ग.) i-1, ii-3, iii-4, iv-2	(घ.) i-3, ii-4, iii-2, iv-1	(क.) i-2, ii-1, iii-4, iv-3 (ख.) i-2, ii-1, iii-3, iv-4 (ग.) i-1, ii-3, iii-4, iv-2 (घ.) i-3, ii-4, iii-2, iv-1
261	403	ख	भावप्रकाशनिघण्टु	धात्वादि		119	1	पिनाक अभ्रक के सेवन से होने वाला रोग क्या है	(क.) मधुमेह	(ख.) महाकुष्ठ	(ग.) गांठे होना	(घ.) मृत्यु	(क.) मधुमेह (ख.) महाकुष्ठ (ग.) गांठे होना (घ.) मृत्यु
262	404	क	भावप्रकाशनिघण्टु	धात्वादि		123	0	....... पर्वत पर उत्पन्न होने वाला अभ्रक अत्यन्त वीर्यशाली होता है	(क.) उतर	(ख.) पूर्व	(ग.) दक्षिण	(घ.) पश्चिम	(क.) उतर (ख.) पूर्व (ग.) दक्षिण (घ.) पश्चिम
263	405	ग	भावप्रकाशनिघण्टु	धात्वादि		123	0	स्वल्प वीर्यशाली अभ्रक किस पर्वत पर होता है	(क.) उतर	(ख.) पूर्व	(ग.) दक्षिण	(घ.) पश्चिम	(क.) उतर (ख.) पूर्व (ग.) दक्षिण (घ.) पश्चिम
264	406	क	भावप्रकाशनिघण्टु	धात्वादि		127	0	हरताल के भेद	(क.) 2	(ख.) 3	(ग.) 4	(घ.) 6	(क.) 2 (ख.) 3 (ग.) 4 (घ.) 6
265	407	ग	भावप्रकाशनिघण्टु	धात्वादि		128	0	 श्रेष्ठ हरताल है	(क.) पिण्डाख्य	(ख.) पत्रसंज्ञक	(ग.) पत्राख्य	(घ.) पिण्डसंज्ञक	(क.) पिण्डाख्य (ख.) पत्रसंज्ञक (ग.) पत्राख्य (घ.) पिण्डसंज्ञक
266	408	घ	भावप्रकाशनिघण्टु	धात्वादि		132	0	मनःशिला के पर्याय	(क.) नेपाली	(ख.) कुनटी	(ग.) गोला	(घ.) सभी	(क.) नेपाली (ख.) कुनटी (ग.) गोला (घ.) सभी
267	409	क	भावप्रकाशनिघण्टु	धात्वादि		134	0	अशुद्ध मनःशिला का दोष	(क.) मूत्रकृच्छ्र	(ख.) मधुमेह	(ग.) कुष्ठ	(घ.) अग्निमांद्य	(क.) मूत्रकृच्छ्र (ख.) मधुमेह (ग.) कुष्ठ (घ.) अग्निमांद्य
268	410	क	भावप्रकाशनिघण्टु	धात्वादि		135	0	अंजन के भेद	(क.) 2	(ख.) 3	(ग.) 4	(घ.) 6	(क.) 2 (ख.) 3 (ग.) 4 (घ.) 6
269	411	घ	भावप्रकाशनिघण्टु	धात्वादि		141	1	 स्फटिका निम्न में से किसका पर्याय है	(क.) श्वेता	(ख.) शुभ्रा	(ग.) दृढ़रङ्गा	(घ.) सभी	(क.) श्वेता (ख.) शुभ्रा (ग.) दृढ़रङ्गा (घ.) सभी
270	412	ख	भावप्रकाशनिघण्टु	धात्वादि		143	1	राजावर्त निम्न में से किसका पर्याय नहीं है	(क.) नृपावर्त	(ख.) दृढ़रङ्गा	(ग.) रेवटी	(घ.) आवर्तमणिसंज्ञक	(क.) नृपावर्त (ख.) दृढ़रङ्गा (ग.) रेवटी (घ.) आवर्तमणिसंज्ञक
271	413	क	भावप्रकाशनिघण्टु	धात्वादि		151	1	तुत्थक निम्न में से किसका पर्याय है	(क.) खर्पर 	(ख.) खटिका	(ग.) बालुका	(घ.) गैरिक	(क.) खर्पर  (ख.) खटिका (ग.) बालुका (घ.) गैरिक
272	414	ग	भावप्रकाशनिघण्टु	धात्वादि		155	0	सुरमृत्तिका है क. कासीस	(क.) कासीस	(ख.) खर्पर	(ग.) सौराष्ट्री	(घ.) बालुका	(क.) कासीस (ख.) खर्पर (ग.) सौराष्ट्री (घ.) बालुका
273	415	घ	भावप्रकाशनिघण्टु	धात्वादि		155	1	सौराष्ट्री निम्न में से किसका पर्याय है	(क.) मृत्तालक	(ख.) आढकी	(ग.) मृत्सना	(घ.) सभी	(क.) मृत्तालक (ख.) आढकी (ग.) मृत्सना (घ.) सभी
274	416	घ	भावप्रकाशनिघण्टु	धात्वादि		156	1	क्षेत्रजा निम्न में से किसका पर्याय है	(क.) कर्दम	(ख.) शंख	(ग.) बोल	(घ.) कृष्ण मृत्तिका	(क.) कर्दम (ख.) शंख (ग.) बोल (घ.) कृष्ण मृत्तिका
275	417	क	भावप्रकाशनिघण्टु	धात्वादि		157	0	निषद्वर है	(क.) कर्दम	(ख.) कृष्णमृत्तिका	(ग.) बोल	(घ.) ककुष्ठ	(क.) कर्दम (ख.) कृष्णमृत्तिका (ग.) बोल (घ.) ककुष्ठ
276	418	ख	भावप्रकाशनिघण्टु	धात्वादि		158	0	कपर्दकम पर्याय है	(क.) कर्पद	(ख.) कपर्दक	(ग.) कम्बु	(घ.) सुनाद	(क.) कर्पद (ख.) कपर्दक (ग.) कम्बु (घ.) सुनाद
277	419	घ	भावप्रकाशनिघण्टु	धात्वादि		157	0	चुलुक पर्याय है	(क.) वराट	(ख.) मल	(ग.) पलित	(घ.) ख-ग	(क.) वराट (ख.) मल (ग.) पलित (घ.) ख-ग
278	420	क	भावप्रकाशनिघण्टु	धात्वादि		161	0	ककुष्ठ के भेद है	(क.) 2	(ख.) 3	(ग.) 4	(घ.) 6	(क.) 2 (ख.) 3 (ग.) 4 (घ.) 6
279	421	घ	भावप्रकाशनिघण्टु	धात्वादि		170	0	हीरा निम्न में से किसका पर्याय	(क.) चन्द्र	(ख.) मणिवर	(ग.) वज्र	(घ.) सभी	(क.) चन्द्र (ख.) मणिवर (ग.) वज्र (घ.) सभी
280	422	क	भावप्रकाशनिघण्टु	धात्वादि		171	1	किस वर्ण का हीरा रसायन उपयोगी होता है	(क.) ब्राहमण वर्ण	(ख.) क्षत्रिय वर्ण	(ग.) वेश्य वर्ण	(घ.) क्षुद्र वर्ण	(क.) ब्राहमण वर्ण (ख.) क्षत्रिय वर्ण (ग.) वेश्य वर्ण (घ.) क्षुद्र वर्ण
281	423	ख	भावप्रकाशनिघण्टु	धात्वादि		181	0	शोण रत्न पर्याय है	(क.) हीरा	(ख.) माणिक्य	(ग.) नीलम	(घ.) वैदूर्य	(क.) हीरा (ख.) माणिक्य (ग.) नीलम (घ.) वैदूर्य
282	424	क	भावप्रकाशनिघण्टु 	धात्वादि		180	0	अश्म गर्भ है	(क.) हरितमणि	(ख.) नीलम	(ग.) वैदूर्य	(घ.) पुष्पपराग	(क.) हरितमणि (ख.) नीलम (ग.) वैदूर्य (घ.) पुष्पपराग
283	425	घ	भावप्रकाशनिघण्टु 	धात्वादि		184	0	केतुग्रहवल्लभ निम्न में से किसका पर्याय	(क.) इन्द्रनाल	(ख.) पुष्पराग	(ग.) माणिक्य	(घ.) वैदूर्य	(क.) इन्द्रनाल (ख.) पुष्पराग (ग.) माणिक्य (घ.) वैदूर्य
284	426	ग	भावप्रकाशनिघण्टु 	धात्वादि		191	0	स्थावर विष कितने है	(क.) 5	(ख.) 7	(ग.) 9	(घ.) 11	(क.) 5 (ख.) 7 (ग.) 9 (घ.) 11
285	427	ग	भावप्रकाशनिघण्टु 	धात्वादि		200	0	उपविषो की संख्या है	(क.) 5	(ख.) 7	(ग.) 9	(घ.) 11	(क.) 5 (ख.) 7 (ग.) 9 (घ.) 11
286	428	ग	भावप्रकाशनिघण्टु 	धान्य		1	0	धान्य के प्रकार	(क.) 2	(ख.) 3	(ग.) 4	(घ.) 5	(क.) 2 (ख.) 3 (ग.) 4 (घ.) 5
287	429	घ	भावप्रकाशनिघण्टु 	धान्य		3	1	शालिधान्य की उत्पति किस ऋतु में होती है	(क.) शिशिर	(ख.) शरद	(ग.) वर्षा	(घ.) हेमन्त	(क.) शिशिर (ख.) शरद (ग.) वर्षा (घ.) हेमन्त
288	430	क	भावप्रकाशनिघण्टु 	धान्य		19	1	ब्रीहिधान्य किस ऋतु में उत्पन्न होते है	(क.) वर्षा	(ख.) शरद	(ग.) शिशिर	(घ.) हेमन्त	(क.) वर्षा (ख.) शरद (ग.) शिशिर (घ.) हेमन्त
289	431	ग	भावप्रकाशनिघण्टु 	धान्य		21	0	सर्वश्रेष्ठ ब्रीहिधान्य है	(क.) कुकटाण्डक	(ख.) शालामुख	(ग.) कृष्णब्रीहि	(घ.) जतुमुख	(क.) कुकटाण्डक (ख.) शालामुख (ग.) कृष्णब्रीहि (घ.) जतुमुख
290	432	ख	भावप्रकाशनिघण्टु 	धान्य		15	0	सर्वश्रेष्ठ शालिधान्य है	(क.) वापित शालि	(ख.) रक्तशालि	(ग.) छिन्नरूह शालि	(घ.) पुराणशालि	(क.) वापित शालि (ख.) रक्तशालि (ग.) छिन्नरूह शालि (घ.) पुराणशालि
291	433	ग	भावप्रकाशनिघण्टु 	धान्य		29	0	यव का विपाक	(क.) मधुर	(ख.) अम्ल	(ग.) कटु	(घ.) तिक्त	(क.) मधुर (ख.) अम्ल (ग.) कटु (घ.) तिक्त
292	434	ख	भावप्रकाशनिघण्टु 	धान्य		27	0	सबसे प्रसिद्ध शूक धान्य है	(क.) गोधूम	(ख.) यव	(ग.) मधूली	(घ.) मुद्ग	(क.) गोधूम (ख.) यव (ग.) मधूली (घ.) मुद्ग
293	435	ख	भावप्रकाशनिघण्टु 	धान्य		31	0	गोधूम के प्रकार	(क.) 2	(ख.) 3	(ग.) 4	(घ.) 5	(क.) 2 (ख.) 3 (ग.) 4 (घ.) 5
294	436	क	भावप्रकाशनिघण्टु 	धान्य		35	0	शुक्रजनक गोधूम है	(क.) मधूली	(ख.) दीर्घगोधूम	(ग.) महा गोधूम	(घ.) सभी	(क.) मधूली (ख.) दीर्घगोधूम (ग.) महा गोधूम (घ.) सभी
295	437	ख	भावप्रकाशनिघण्टु 	धान्य		36	1	सूप्य एवं वैदल किसके पर्याय है	(क.) शूकधान्य	(ख.) शिम्बीधान्य	(ग.) कृष्णब्रीहि	(घ.) जतुमुख	(क.) शूकधान्य (ख.) शिम्बीधान्य (ग.) कृष्णब्रीहि (घ.) जतुमुख
296	438	क	भावप्रकाशनिघण्टु 	धान्य		38	0	नेत्रों के लिए हितकारक शिम्बी धान्य है	(क.) मुद्ग	(ख.) माष	(ग.) अरहर	(घ.) राजमाष	(क.) मुद्ग (ख.) माष (ग.) अरहर (घ.) राजमाष
297	439	ख	भावप्रकाशनिघण्टु 	धान्य		49	0	निम्नलिखित में से कृमिकारक शिम्बीधान्य है	(क.) मुद्ग	(ख.) वनमुद्ग	(ग.) निष्पाव	(घ.) मसूर	(क.) मुद्ग (ख.) वनमुद्ग (ग.) निष्पाव (घ.) मसूर
298	440	घ	भावप्रकाशनिघण्टु 	धान्य		53	0	 निम्नलिखित में से कौन सा चणक निम्न में से किसका पर्याय है	(क.) हरिमन्थ	(ख.) सकलप्रिय	(ग.) चना	(घ.) सभी	(क.) हरिमन्थ (ख.) सकलप्रिय (ग.) चना (घ.) सभी
299	441	घ	भावप्रकाशनिघण्टु 	धान्य		57	0	कौन सा कलाय निम्न में से किसका पर्याय नहीं है	(क.) वत्तुल	(ख.) सतीन	(ग.) हरेणुक	(घ.) हरिमन्थ	(क.) वत्तुल (ख.) सतीन (ग.) हरेणुक (घ.) हरिमन्थ
300	442	ख	भावप्रकाशनिघण्टु 	धान्य		65	0	तिल के भेद	(क.) 2	(ख.) 3	(ग.) 4	(घ.) कोई भेद नहीं होता	(क.) 2 (ख.) 3 (ग.) 4 (घ.) कोई भेद नहीं होता
301	443	घ	भावप्रकाशनिघण्टु 	धान्य		66	0	अतसी निम्न में से किसका पर्याय	(क.) पार्वती	(ख.) उमाः	(ग.) क्षुभा	(घ.) सभी	(क.) पार्वती (ख.) उमाः (ग.) क्षुभा (घ.) सभी
302	444	ख	भावप्रकाशनिघण्टु 	धान्य		71	1	निम्नलिखित में से क्षुज्जनिका किसका पर्याय है	(क.) सर्षप	(ख.) राजिका	(ग.) कंगु	(घ.) चोमाक	(क.) सर्षप (ख.) राजिका (ग.) कंगु (घ.) चोमाक
303	445	ख	भावप्रकाशनिघण्टु 	धान्य		90	1	भावप्रकाश के अनुसार कितने वर्ष पुराने धान्य को पुराण कहते हैं	(क.) >1 वर्ष	(ख.) >2 वर्ष	(ग.) 5 वर्ष	(घ.) 10 वर्ष	(क.) >1 वर्ष (ख.) >2 वर्ष (ग.) 5 वर्ष (घ.) 10 वर्ष
304	446	ख	भावप्रकाशनिघण्टु 	शाक		1	1	शाक के कितने भेद होते हैं	(क.) 5	(ख.) 6	(ग.) 7	(घ.) 8	(क.) 5 (ख.) 6 (ग.) 7 (घ.) 8
305	447	ग	भावप्रकाशनिघण्टु 	शाक		1	1	निम्नलिखित को उत्तरोतर गुरूता के क्रम से लगाएं। नाल, पत्र, पुष्प, फल, कन्द, सस्वेदज	(क.) पत्र, पुष्प, फल, संस्वेदज, कन्द, नाल	(ख.) पुष्पं, फलं, सस्वेदज, नाल, कन्द, पत्र	(ग.) पत्र, पुष्प, फल, नाल, कन्द, स्सवेदज	(घ.) पत्र पुष्प, नाल, फल, संस्वेदज, कन्द	(क.) पत्र, पुष्प, फल, संस्वेदज, कन्द, नाल (ख.) पुष्पं, फलं, सस्वेदज, नाल, कन्द, पत्र (ग.) पत्र, पुष्प, फल, नाल, कन्द, स्सवेदज (घ.) पत्र पुष्प, नाल, फल, संस्वेदज, कन्द
306	448	ग	भावप्रकाशनिघण्टु 	शाक		19	1	कौन सा शाक दुग्धवर्धक एवं शुक्र को उत्पन्न करने वाला होता है	(क.) नाडीका	(ख.) पालक	(ग.) कलम्बी	(घ.) पट	(क.) नाडीका (ख.) पालक (ग.) कलम्बी (घ.) पट
307	449	क	भावप्रकाशनिघण्टु 	शाक		23	1	अश्मन्तक निम्न में से किसका पर्याय है	(क.) चुक्रिका	(ख.) नोनिया	(ग.) कलम्बी	(घ.) कालशाक	(क.) चुक्रिका (ख.) नोनिया (ग.) कलम्बी (घ.) कालशाक
308	450	ख	भावप्रकाशनिघण्टु 	शाक		41	1	निम्नलिखित में से कौन सा शाक सर्वज्वरहर है	(क.) पटोल पत्र	(ख.) गुडूची	(ग.) कासमर्द	(घ.) गोजिह्वा	(क.) पटोल पत्र (ख.) गुडूची (ग.) कासमर्द (घ.) गोजिह्वा
309	451	ख	भावप्रकाशनिघण्टु 	शाक		47	1	भावप्रकाश के अनुसार निन्दनीय शाक कौन सा है	(क.) कलाय	(ख.) सर्षप	(ग.) अगस्त पुष्प	(घ.) कदली पुष्प	(क.) कलाय (ख.) सर्षप (ग.) अगस्त पुष्प (घ.) कदली पुष्प
310	452	घ	भावप्रकाशनिघण्टु 	शाक		71	0	सुख विरेचक है	(क.) पटोल पुष्प	(ख.) पटोल नाल	(ग.) पटोल पत्र	(घ.) पटोल मूल	(क.) पटोल पुष्प (ख.) पटोल नाल (ग.) पटोल पत्र (घ.) पटोल मूल
311	453	ख	भावप्रकाशनिघण्टु 	शाक		69	1	भावप्रकाश में सरसों का वर्णन किस वर्ग में किया है	(क.) शूक धान्य	(ख.) शिम्बी धान्य	(ग.) शालिधान्य	(घ.) शाकवर्ग	(क.) शूक धान्य (ख.) शिम्बी धान्य (ग.) शालिधान्य (घ.) शाकवर्ग
312	454	क	भावप्रकाशनिघण्टु 	शाक		92	0	अर्श रोगियों के लिए विशेष रूप से पथ्य शाक है	(क.) सूरण	(ख.) डिण्डिश	(ग.) डोडिका	(घ.) सभी	(क.) सूरण (ख.) डिण्डिश (ग.) डोडिका (घ.) सभी
313	455	घ	भावप्रकाशनिघण्टु 	शाक		92	0	कन्दशाको में सर्वश्रेष्ठ है	(क.) नाल	(ख.) कर्कोटी	(ग.) सर्षप	(घ.) सूरण	(क.) नाल (ख.) कर्कोटी (ग.) सर्षप (घ.) सूरण
314	456	घ	भावप्रकाशनिघण्टु 	शाक		95	1	आलूक के कितने भेद हैं	(क.) 2	(ख.) 3	(ग.) 4	(घ.) 5	(क.) 2 (ख.) 3 (ग.) 4 (घ.) 5
315	457	घ	भावप्रकाशनिघण्टु 	शाक		118	1	कौन सी शाक कच्ची एवं सूखी दोनों तरह से सेवन करना निषिद्ध नहीं है	(क.) पालक	(ख.) चौलाई	(ग.) सर्षप	(घ.) मूलक	(क.) पालक (ख.) चौलाई (ग.) सर्षप (घ.) मूलक
316	458	घ	भावप्रकाशनिघण्टु 	शाक		117	1	शाक के संदर्भ में कौन सी व्याख्या निषिद्ध है	(क.) व्याधितं	(ख.) बिना ऋतु के उत्पन्न	(ग.) सशुष्कं	(घ.) सभी	(क.) व्याधितं (ख.) बिना ऋतु के उत्पन्न (ग.) सशुष्कं (घ.) सभी
317	459	घ	भावप्रकाशनिघण्टु 	मांस		1	1	मांस निम्न में से किसका पर्याय नहीं है	(क.) क्रव्य	(ख.) आमिष	(ग.) पलल	(घ.) सभी पर्याय है	(क.) क्रव्य (ख.) आमिष (ग.) पलल (घ.) सभी पर्याय है
318	460	घ	भावप्रकाशनिघण्टु 	मांस		3	0	जांगल मांस के भेद	(क.) 2	(ख.) 4	(ग.) 6	(घ.) 8	(क.) 2 (ख.) 4 (ग.) 6 (घ.) 8
319	461	ग	भावप्रकाशनिघण्टु 	मांस		3	0	पर्णमृग होते है	(क.) करेद्र कर खाने वाले	(ख.) जघां के बल से चलने वाले	(ग.) वृक्षों पर चढने वाले	(घ.) ग्राम में रहने वाले	(क.) करेद्र कर खाने वाले (ख.) जघां के बल से चलने वाले (ग.) वृक्षों पर चढने वाले (घ.) ग्राम में रहने वाले
320	462	घ	भावप्रकाशनिघण्टु 	मांस		7	0	आनूप मांस के भेद	(क.) 2	(ख.) 3	(ग.) 4	(घ.) 5	(क.) 2 (ख.) 3 (ग.) 4 (घ.) 5
321	463	ग	भावप्रकाशनिघण्टु 	मांस		14	0	शशक कहलाते है	(क.) पर्णमृग	(ख.) गुहाशय	(ग.) विलेशय	(घ.) विष्किर	(क.) पर्णमृग (ख.) गुहाशय (ग.) विलेशय (घ.) विष्किर
322	464	क	भावप्रकाशनिघण्टु 	मांस		17	1	निम्न में से किसका मांस नेत्र एवं गुदा के विकारों के लिए नित्य हितकर होता है	(क.) गुहाशय	(ख.) विलेशय	(ग.) पर्णमृग	(घ.) प्रतुद	(क.) गुहाशय (ख.) विलेशय (ग.) पर्णमृग (घ.) प्रतुद
323	465	ख	भावप्रकाशनिघण्टु 	मांस		21	1	कौन से पक्षी कुरेद कर खाने वाले होते हैं	(क.) प्रतुद	(ख.) विष्किर	(ग.) प्रसह	(घ.) विलेशय	(क.) प्रतुद (ख.) विष्किर (ग.) प्रसह (घ.) विलेशय
324	466	ख	भावप्रकाशनिघण्टु 	मांस		29	0	कूलेचर जीव कहलाते है	(क.) जो घूमकर खाना खाते हैं	(ख.) जो जीव जलाशयों के तट पर चरने वाले होते हैं	(ग.) जो झुण्ड के साथ मिलकर खाना खाते हैं	(घ.) जो जलाशय के भीतर जाकर चरने वाले होते हैं।	(क.) जो घूमकर खाना खाते हैं (ख.) जो जीव जलाशयों के तट पर चरने वाले होते हैं (ग.) जो झुण्ड के साथ मिलकर खाना खाते हैं (घ.) जो जलाशय के भीतर जाकर चरने वाले होते हैं।
325	467	क	भावप्रकाशनिघण्टु 	मांस		31	1	निम्नलिखित में से प्लव पक्षी कौन सा है	(क.) सारस	(ख.) उलूक	(ग.) पारावत	(घ.) लाव	(क.) सारस (ख.) उलूक (ग.) पारावत (घ.) लाव
326	468	ख	भावप्रकाशनिघण्टु 	मांस		51	1	कौन से पक्षियों का मांस अति उत्तम होता है	(क.) जल के किनारे रहने वाले पक्षियों को	(ख.) धान के अंकुर चरने वाले पक्षियों का	(ग.) विष्किर पक्षियों का	(घ.) विलेशय पक्षियों का	(क.) जल के किनारे रहने वाले पक्षियों को (ख.) धान के अंकुर चरने वाले पक्षियों का (ग.) विष्किर पक्षियों का (घ.) विलेशय पक्षियों का
327	469	ग	भावप्रकाशनिघण्टु 	मांस		56, 57	1	विष्किर वर्ग के पक्षियों के कितने भेद हैं	(क.) 2	(ख.) 3	(ग.) 4	(घ.) 5	(क.) 2 (ख.) 3 (ग.) 4 (घ.) 5
328	470	क	भावप्रकाशनिघण्टु 	मांस		98, 99	1	निम्नलिखित में से गलत कथन बताएं	(क.) पक्षियों में स्त्री जाति का मांस श्रेष्ठ है।	(ख.) चौपायों में स्त्री जाति के जीवों का मांस श्रेष्ठ है।	(ग.) पुरूष संज्ञक जीवों केशरीर में नीचे के भाग का मांस लघु होता है।	(घ.) सभी गलत है।	(क.) पक्षियों में स्त्री जाति का मांस श्रेष्ठ है। (ख.) चौपायों में स्त्री जाति के जीवों का मांस श्रेष्ठ है। (ग.) पुरूष संज्ञक जीवों केशरीर में नीचे के भाग का मांस लघु होता है। (घ.) सभी गलत है।
329	471	ग	भावप्रकाशनिघण्टु 	वारि		104	0	श्रेष्ठ मत्स्य मांस है	(क.) शिलोन्ध्र	(ख.) चिलचिम	(ग.) रोहू	(घ.) श्रृंगी	(क.) शिलोन्ध्र (ख.) चिलचिम (ग.) रोहू (घ.) श्रृंगी
330	472	घ	भावप्रकाशनिघण्टु 	वारि		1	1	निम्नलिखित में से जल निम्न में से किसका पर्याय है	(क.) अमृत	(ख.) घनरस	(ग.) अर्ण	(घ.) सभी	(क.) अमृत (ख.) घनरस (ग.) अर्ण (घ.) सभी
331	473	ग	भावप्रकाशनिघण्टु 	वारि		4	0	जल के भेद	(क.) 2	(ख.) 3	(ग.) 4	(घ.) 5	(क.) 2 (ख.) 3 (ग.) 4 (घ.) 5
332	474	ख	भावप्रकाशनिघण्टु 	वारि		4	1	निम्नलिखित से कौन सा जल का भेद नहीं है	(क.) धाराज	(ख.) वारि	(ग.) करकाभव	(घ.) तौषार	(क.) धाराज (ख.) वारि (ग.) करकाभव (घ.) तौषार
333	475	क	भावप्रकाशनिघण्टु 	वारि		9	0	धारा जल के भेद	(क.) 2	(ख.) 3	(ग.) 4	(घ.) 5	(क.) 2 (ख.) 3 (ग.) 4 (घ.) 5
334	476	ख	भावप्रकाशनिघण्टु 	वारि		19	1	आकाशस्थ वायु तथा अग्नि से घन होकर कौन सा जल पाषाण खण्ड सम्बत् गिरता है	(क.) तौषार	(ख.) करका	(ग.) हैम	(घ.) धाराण	(क.) तौषार (ख.) करका (ग.) हैम (घ.) धाराण
335	477	ख	भावप्रकाशनिघण्टु 	वारि		25	0	भौम जल के प्रकार	(क.) 2	(ख.) 3	(ग.) 4	(घ.) 5	(क.) 2 (ख.) 3 (ग.) 4 (घ.) 5
336	478	क	भावप्रकाशनिघण्टु 	वारि		68	1	भौम जल किस समय ग्रहण करने से उत्तम फल देता है	(क.) प्रातः काल	(ख.) दोपहर	(ग.) सायंकाल	(घ.) किसी भी समय	(क.) प्रातः काल (ख.) दोपहर (ग.) सायंकाल (घ.) किसी भी समय
337	479	घ	भावप्रकाशनिघण्टु 	वारि		69	0	जल पान की विधि	(क.) भोजन से पहले	(ख.) भोजन के मध्य में	(ग.) भोजन के अन्त में	(घ.) बारम्बार	(क.) भोजन से पहले (ख.) भोजन के मध्य में (ग.) भोजन के अन्त में (घ.) बारम्बार
338	480	ग	भावप्रकाशनिघण्टु 	वारि		71	1	शीतल जल पान किस रोग में निषेध है	(क.) दाह	(ख.) मूर्च्छा	(ग.) गलग्रह	(घ.) तमकश्वास	(क.) दाह (ख.) मूर्च्छा (ग.) गलग्रह (घ.) तमकश्वास
339	481	ख	भावप्रकाशनिघण्टु 	वारि		70	0	शीतल जल पान के योग्य रोग है	(क.) विद्रधि	(ख.) मदात्यय	(ग.) पार्श्वशूल	(घ.) वद्ध कोष्ठ	(क.) विद्रधि (ख.) मदात्यय (ग.) पार्श्वशूल (घ.) वद्ध कोष्ठ
340	482	घ	भावप्रकाशनिघण्टु 	वारि		73	0	अल्प जल पान के यौग्य रोग है	(क.) उदर रोग	(ख.) मुखप्रेसक	(ग.) क्षय	(घ.) सभी	(क.) उदर रोग (ख.) मुखप्रेसक (ग.) क्षय (घ.) सभी
341	483	ख	भावप्रकाशनिघण्टु 	वारि		74	1	 'जीवनं जीविनां जीवौ जगत सर्वन्तु तन्मयम.....' किस संदर्भ में लिखा गया है	(क.) रक्त	(ख.) जल	(ग.) प्राण	(घ.) नेत्र	(क.) रक्त (ख.) जल (ग.) प्राण (घ.) नेत्र
342	484	ख	भावप्रकाशनिघण्टु 	वारि		86	1	पीया हुआ साधारण जल का पाक कितने दिन में होता है	(क.) प्रहर	(ख.) 1 प्रहर	(ग.) 2 प्रहर	(घ.) 3 प्रहर	(क.) प्रहर (ख.) 1 प्रहर (ग.) 2 प्रहर (घ.) 3 प्रहर
343	485	घ	भावप्रकाशनिघण्टु 	दुग्ध	3	5	0	दुग्ध पान योग्य कौन है	(क.) विरेचन पश्चात	(ख.) गर्भस्त्राव	(ग.) उदावर्त	(घ.) सभी	(क.) विरेचन पश्चात (ख.) गर्भस्त्राव (ग.) उदावर्त (घ.) सभी
344	486	क	भावप्रकाशनिघण्टु 	दुग्ध		18	1	निम्न में से किसका दुग्ध अश्मरी नाशक होता है	(क.) आविक	(ख.) घोटकी	(ग.) औष्ट्र	(घ.) हस्तिनी	(क.) आविक (ख.) घोटकी (ग.) औष्ट्र (घ.) हस्तिनी
345	487	क	भावप्रकाशनिघण्टु 	दुग्ध		23	1	नस्य एवं आश्च्योतन कर्म के लिए कौन सा दुग्ध प्रयोग में लाना चाहिए।	(क.) स्त्री	(ख.) धारोष्ण गव्य का	(ग.) औष्ट्र	(घ.) आविक	(क.) स्त्री (ख.) धारोष्ण गव्य का (ग.) औष्ट्र (घ.) आविक
346	488	क	भावप्रकाशनिघण्टु 	दुग्ध		21	0	कृमि एवं कुष्ठनाशक है	(क.) औष्ट्र दुग्ध	(ख.) घोटकी	(ग.) आविक	(घ.) स्त्री	(क.) औष्ट्र दुग्ध (ख.) घोटकी (ग.) आविक (घ.) स्त्री
347	489	ग	भावप्रकाशनिघण्टु 	दुग्ध		25	1	निम्न में से किसका दुग्ध धाराशीत उत्तम होता है	(क.) स्त्री	(ख.) गव्य	(ग.) माहिष	(घ.) कोई नहीं	(क.) स्त्री (ख.) गव्य (ग.) माहिष (घ.) कोई नहीं
348	490	ग	भावप्रकाशनिघण्टु 	दुग्ध		30	1	जो दुग्ध बिना औटाए हुए ही फट गया हो उसे क्या कहते हैं।	(क.) पीयूष	(ख.) किलाट	(ग.) क्षीरशाक	(घ.) मोरट	(क.) पीयूष (ख.) किलाट (ग.) क्षीरशाक (घ.) मोरट
349	491	ख	भावप्रकाशनिघण्टु 	दुग्ध		32	1	जो दुग्ध दही के संयोग से फट गया हो उसमें से घन भाग निकालकर जो द्रव पदार्थ बच जाता है, उसे क्या कहते हैं	(क.) तक्रपिण्ड	(ख.) मोरट	(ग.) पीयूष	(घ.) किलाट	(क.) तक्रपिण्ड (ख.) मोरट (ग.) पीयूष (घ.) किलाट
350	492	ख	भावप्रकाशनिघण्टु 	दुग्ध		36	0	मिश्री सम्मिलित दुग्ध होता है	(क.) वात नाशक	(ख.) शुक्रजनक	(ग.) कृच्छ्रनाशक	(घ.) कफकारक	(क.) वात नाशक (ख.) शुक्रजनक (ग.) कृच्छ्रनाशक (घ.) कफकारक
351	493	घ	भावप्रकाशनिघण्टु 	दुग्ध		42	1	रात्रि में दुग्ध पान करना चाहिए क्योंकि	(क.) पथ्य है	(ख.) दोषशामक	(ग.) नेत्रहितकर	(घ.) सभी सही है	(क.) पथ्य है (ख.) दोषशामक (ग.) नेत्रहितकर (घ.) सभी सही है
352	494	घ	भावप्रकाशनिघण्टु 	दधि		3	0	दही के भेद	(क.) 2	(ख.) 3	(ग.) 4	(घ.) 5	(क.) 2 (ख.) 3 (ग.) 4 (घ.) 5
353	495	ग	भावप्रकाशनिघण्टु 	दधि		12	0	.....दध्युत्तमं	(क.) माहिषं	(ख.) गव्य	(ग.) आजं	(घ.) गालित	(क.) माहिषं (ख.) गव्य (ग.) आजं (घ.) गालित
354	496	घ	भावप्रकाशनिघण्टु 	दधि		18	1	किस ऋतु में दधि सेवन निषेध्य है	(क.) हेमन्त	(ख.) शिशिर	(ग.) वर्षा	(घ.) शरद	(क.) हेमन्त (ख.) शिशिर (ग.) वर्षा (घ.) शरद
355	497	घ	भावप्रकाशनिघण्टु 	दधि		20	1	दधि के ऊपर स्नेहयुक्त भाग को क्या कहते है	(क.) मस्तु	(ख.) पीयूष	(ग.) तक्र	(घ.) सर	(क.) मस्तु (ख.) पीयूष (ग.) तक्र (घ.) सर
356	498	क	भावप्रकाशनिघण्टु 	दधि		15	0	भाव प्रकाश ने तक्र एवं दधि का वर्णन एक ही अध्याय में किया है	(क.) कथन गलत है।	(ख.) ये कथन सही है	(ग.) तक्र एवं दधि का वर्णन नहीं किया है।	(घ.) तक्र का वर्णन है, दधि का नहीं है	(क.) कथन गलत है। (ख.) ये कथन सही है (ग.) तक्र एवं दधि का वर्णन नहीं किया है। (घ.) तक्र का वर्णन है, दधि का नहीं है
357	499	घ	भावप्रकाशनिघण्टु 	तक्र		1	0	तक्र के पर्याय	(क.) छोल	(ख.) छच्छिका	(ग.) श्वित	(घ.) सभी	(क.) छोल (ख.) छच्छिका (ग.) श्वित (घ.) सभी
358	500	घ	भावप्रकाशनिघण्टु 	तक्र		17	1	किस ऋतु में तक्र सेवन निषेध्य है	(क.) ग्रीष्म ऋतु में	(ख.) दाह में	(ग.) रक्तपित	(घ.) सभी	(क.) ग्रीष्म ऋतु में (ख.) दाह में (ग.) रक्तपित (घ.) सभी
359	501	ग	भावप्रकाशनिघण्टु 	नवनीत		4	1	चक्षुष्य नवनीत कौन सा है	(क.) गव्यं नवनीतं	(ख.) माहिषं नवनीतं	(ग.) दुग्धोत्थम नवनीतं	(घ.) तत्काल निकाला हुआ नवनीतं	(क.) गव्यं नवनीतं (ख.) माहिषं नवनीतं (ग.) दुग्धोत्थम नवनीतं (घ.) तत्काल निकाला हुआ नवनीतं
360	502	क	भावप्रकाशनिघण्टु 	घृत		16	1	पुराण घृत किसे कहते है	(क.) 1 वर्ष पुराना	(ख.) 2 वर्ष पुराना	(ग.) 10 वर्ष पुराना	(घ.) 100 वर्ष पुराना	(क.) 1 वर्ष पुराना (ख.) 2 वर्ष पुराना (ग.) 10 वर्ष पुराना (घ.) 100 वर्ष पुराना
361	503	घ	भावप्रकाशनिघण्टु 	घृत		13	0	विषनाशक घृत	(क.) नारी घृत	(ख.) आविक	(ग.) माक्षिष	(घ.) वडवा	(क.) नारी घृत (ख.) आविक (ग.) माक्षिष (घ.) वडवा
362	504	ग	भावप्रकाशनिघण्टु 	घृत		12	0	अमृतोपमम् घृत	(क.) माहिष घृत	(ख.) गव्य	(ग.) स्त्री	(घ.) औष्ट्र	(क.) माहिष घृत (ख.) गव्य (ग.) स्त्री (घ.) औष्ट्र
363	505	घ	भावप्रकाशनिघण्टु 	घृत		9	0	क्रिमि, कुष्ठ, गुल्म, उदर रोग नाशक घृत	(क.) गव्य घृत	(ख.) ह्यस्तन	(ग.) आविक	(घ.) औष्ट्र	(क.) गव्य घृत (ख.) ह्यस्तन (ग.) आविक (घ.) औष्ट्र
364	506	क		घृत			0	कास, श्वास, क्षय में हितकर घृत	(क.) अज	(ख.) आविक	(ग.) गव्य	(घ.) माहिष	(क.) अज (ख.) आविक (ग.) गव्य (घ.) माहिष
365	507	क	भावप्रकाशनिघण्टु 	घृत		7	0	वीर्य वर्धक घृत	(क.) माहिष	(ख.) अज	(ग.) औष्ट्र	(घ.) गव्य	(क.) माहिष (ख.) अज (ग.) औष्ट्र (घ.) गव्य
366	508	ख	भावप्रकाशनिघण्टु 	घृत		4	1	विशेषेण चक्षुष्यं' घृत कौन सा है	(क.) माहिष	(ख.) गव्य	(ग.) औष्ट्र	(घ.) ह्यस्तन	(क.) माहिष (ख.) गव्य (ग.) औष्ट्र (घ.) ह्यस्तन
367	509	क	भावप्रकाशनिघण्टु 	मूत्र	1	7	1	भावप्रकाश में मूत्र वर्ग में कितने प्रकार के सूत्रों का वर्णन किया गया है	(क.) 2	(ख.) 3	(ग.)  5	(घ.)  7	(क.) 2 (ख.) 3 (ग.)  5 (घ.)  7
368	510	घ	भावप्रकाशनिघण्टु 	मूत्र	1	7	1	भावप्रकाश ने मूत्र वर्ग में कौन से मूत्र का वर्णन नहीं किया है	(क.) गोमूत्र	(ख.) मनुष्य मूत्र	(ग.) दोनों	(घ.) आविक मूत्र	(क.) गोमूत्र (ख.) मनुष्य मूत्र (ग.) दोनों (घ.) आविक मूत्र
369	511	ख	भावप्रकाशनिघण्टु 	तैल		7	0	श्रेष्ठ तैल	(क.) सर्षप	(ख.) तिल	(ग.) तुवरी	(घ.) अतसी	(क.) सर्षप (ख.) तिल (ग.) तुवरी (घ.) अतसी
370	512	ग	भावप्रकाशनिघण्टु 	तैल	8	11	1	निम्नलिखित में कौन सा तेल बृहण एवं लेखन कर्म दोनों करता है	(क.) सर्षप	(ख.) तिल	(ग.) राई	(घ.) अतसी	(क.) सर्षप (ख.) तिल (ग.) राई (घ.) अतसी
371	513	ख	भावप्रकाशनिघण्टु 	तैल		12	0	हीन वीर्य घृत है	(क.) <1 वर्ष पुराना होने पर पकाया जाता है	(ख.) >1 वर्ष पुराना होने पर पकाया जाता है	(ग.) 10 वर्ष पुराना घृत	(घ.) 100 वर्ष पुराना घृत	(क.) <1 वर्ष पुराना होने पर पकाया जाता है (ख.) >1 वर्ष पुराना होने पर पकाया जाता है (ग.) 10 वर्ष पुराना घृत (घ.) 100 वर्ष पुराना घृत
372	514	घ	भावप्रकाशनिघण्टु 	तैल	17	19	1	निम्नलिखित में से कौन सा अलसी तेल का गुण है	(क.) बल्य	(ख.) चक्षुष्य	(ग.) वस्ति कर्म	(घ.) सभी	(क.) बल्य (ख.) चक्षुष्य (ग.) वस्ति कर्म (घ.) सभी
373	515	घ	भावप्रकाशनिघण्टु 	सन्धान		17	0	मद्य के पर्याय है	(क.) कादम्बरी	(ख.) हाला	(ग.) वलवल्लभा	(घ.) सभी	(क.) कादम्बरी (ख.) हाला (ग.) वलवल्लभा (घ.) सभी
374	516	ख	भावप्रकाशनिघण्टु 	सन्धान		23	0	सुरा है	(क.) पकाई हुई औषध तथा जल से साधित मद्य	(ख.) शालि तथा साठी धान्यचूर्ण से बनी मद्य	(ग.) ईख से बनी मद्य	(घ.) कोई भी नहीं	(क.) पकाई हुई औषध तथा जल से साधित मद्य (ख.) शालि तथा साठी धान्यचूर्ण से बनी मद्य (ग.) ईख से बनी मद्य (घ.) कोई भी नहीं
375	517	क	भावप्रकाशनिघण्टु 	सन्धान		24	0	वारूणी	(क.) पुनर्नवा एवं शालि धान्य	(ख.) शालि एवं साठी धान्य	(ग.) ईख से निर्मित	(घ.) औषध से निर्मित	(क.) पुनर्नवा एवं शालि धान्य (ख.) शालि एवं साठी धान्य (ग.) ईख से निर्मित (घ.) औषध से निर्मित
376	518	घ	भावप्रकाशनिघण्टु 	मधु		1	1	मधु निम्न में से किसका पर्याय है	(क.) वरटी	(ख.) भृगंवान्त	(ग.) पुष्परसोद्भव	(घ.) सभी	(क.) वरटी (ख.) भृगंवान्त (ग.) पुष्परसोद्भव (घ.) सभी
377	519	घ	भावप्रकाशनिघण्टु 	मधु		6	0	मधु के भेद	(क.) 2	(ख.) 4	(ग.) 6	(घ.) 8	(क.) 2 (ख.) 4 (ग.) 6 (घ.) 8
378	520	घ	भावप्रकाशनिघण्टु 	मधु		29	0	मधूच्छिष्टं के पर्याय	(क.) सिक्थक	(ख.) मदनक	(ग.) मधूषित	(घ.) सभी	(क.) सिक्थक (ख.) मदनक (ग.) मधूषित (घ.) सभी
379	521	घ	भावप्रकाशनिघण्टु 	इक्षु		1	0	इक्षु के पर्याय	(क.) दीर्घच्छद	(ख.) असिपत्र	(ग.) मधुतृण	(घ.) सभी	(क.) दीर्घच्छद (ख.) असिपत्र (ग.) मधुतृण (घ.) सभी
380	522	घ	भावप्रकाशनिघण्टु 	इक्षु	3	4	0	इक्षु के भेद	(क.) 3	(ख.) 7	(ग.) 10	(घ.) 13	(क.) 3 (ख.) 7 (ग.) 10 (घ.) 13
381	523	ग	भावप्रकाशनिघण्टु 	इक्षु		1	0	कौन सा इक्षु निम्न में से किसका पर्याय नहीं है	(क.) मूरि रस	(ख.) गूढ़मूल	(ग.) काण्डेक्षु	(घ.) असिपत्र	(क.) मूरि रस (ख.) गूढ़मूल (ग.) काण्डेक्षु (घ.) असिपत्र
382	524	ग	भावप्रकाशनिघण्टु 	इक्षु		28	0	गुड़ का शुण्ठी के साथ अनुपान	(क.) कफनाशक	(ख.) पितनाशक	(ग.) वातनाशक	(घ.) कोई भी नहीं	(क.) कफनाशक (ख.) पितनाशक (ग.) वातनाशक (घ.) कोई भी नहीं
383	525	ग	भावप्रकाशनिघण्टु 	भेषज विधान प्र.	1	14	0	मागधमान अनुसार द्रोण	(क.) 2 आढक	(ख.) 3 आढक	(ग.) 4 आढ़क	(घ.) 6 आढक	(क.) 2 आढक (ख.) 3 आढक (ग.) 4 आढ़क (घ.) 6 आढक
384	526	ख	भावप्रकाशनिघण्टु 	भेषज विधान प्र.	1	25	0	कलिंग मान अनुसार 8 रत्ती-	(क.) 1 शाण	(ख.) 1 माशा	(ग.) 1 कोल	(ग.) 1 कोल	(क.) 1 शाण (ख.) 1 माशा (ग.) 1 कोल (ग.) 1 कोल
385	527	ख	भावप्रकाशनिघण्टु 	भेषज विधान प्र.	2	1	0	कषाय के प्रकार	(क.) 3	(ख.) 5	(ग.) 7	(घ.) 9	(क.) 3 (ख.) 5 (ग.) 7 (घ.) 9
386	528	क	भावप्रकाशनिघण्टु 	भेषज विधान प्र.	2	5	0	स्वरस की मात्रा	(क.)अर्द्धपल	(ख.) 1 पल	(ग.) 1 1/2 पल	(घ.) 2 पल	(क.)अर्द्धपल (ख.) 1 पल (ग.) 1 1/2 पल (घ.) 2 पल
387	529	ग	भावप्रकाशनिघण्टु 	भेषज विधान प्र.	2	8	1	हिम बनाने के लिए द्रव्य की मात्रा कितनी चाहिए	(क.) 2 पल	(ख.) 4 पल	(ग.) 6 पल	(घ.) 8 पल	(क.) 2 पल (ख.) 4 पल (ग.) 6 पल (घ.) 8 पल
388	530	ख	भावप्रकाशनिघण्टु 	भेषज विधान प्र.	2	9	1	मन्थ में द्रव्य मात्रा कितनी सम्यक् है	(क.) 2 पल	(ख.) 4 पल	(ग.) 6 पल	(घ.) 8 पल	(क.) 2 पल (ख.) 4 पल (ग.) 6 पल (घ.) 8 पल
389	531	ग	भावप्रकाशनिघण्टु 	भेषज विधान प्र.	2	10	0	फाण्ट बनाने हेतु द्रव्य मात्रा	(क.) 4 पल	(ख.) 8 पल	(ग.) 1 कुडव	(घ.) 1 प्रस्थ	(क.) 4 पल (ख.) 8 पल (ग.) 1 कुडव (घ.) 1 प्रस्थ
390	532	क	भावप्रकाशनिघण्टु 	भेषज विधान प्र.	2	12	0	कल्क की मात्रा	(क.) 1 कर्ष	(ख.) 1 पल	(ग.) 2 कर्ष	(घ.) 3 पल	(क.) 1 कर्ष (ख.) 1 पल (ग.) 2 कर्ष (घ.) 3 पल
391	533	ख	भावप्रकाशनिघण्टु 	भेषज विधान प्र.	2	11	0	फाण्ट की सम्यक् मात्रा	(क.) 1 पल	(ख.) 2 पल	(ग.) 4 पल	(घ.) 6 पल	(क.) 1 पल (ख.) 2 पल (ग.) 4 पल (घ.) 6 पल
392	534	घ	भावप्रकाशनिघण्टु 	भेषज विधान प्र.	2	9	0	मन्थ की मात्रा	(क.) 1/2 पल	(ख.) 1 पल	(ग.) 11/2 पल	(घ.) 2 पल	(क.) 1/2 पल (ख.) 1 पल (ग.) 11/2 पल (घ.) 2 पल
393	535	ख	भावप्रकाशनिघण्टु 	भेषज विधान प्र.	2	14	0	चूर्ण की मात्रा	(क.) 1/2 कर्ष	(ख.) 1 कर्ष	(ग.) 1/2 पल	(घ.) 1 पल	(क.) 1/2 कर्ष (ख.) 1 कर्ष (ग.) 1/2 पल (घ.) 1 पल
394	536	ख	भावप्रकाशनिघण्टु 	भेषज विधान प्र.	2	17	0	वात सम्बन्धी रोगों में चूर्ण अवलेह वटी एवं कल्क के साथ अनुपान की मात्रा	(क.) 1 पल	(ख.) 2 पल	(ग.) 3 पल	(घ.) 4 पल	(क.) 1 पल (ख.) 2 पल (ग.) 3 पल (घ.) 4 पल
395	537	क	भावप्रकाशनिघण्टु 	भेषज विधान प्र.	2	26	0	क्षीरपाक में द्रव्य दुग्ध जल की मात्रा	(क.) 1: 8: 32	(ख.) 1: 4: 8	(ग.) 1: 2: 4	(घ.) 1: 8: 64	(क.) 1: 8: 32 (ख.) 1: 4: 8 (ग.) 1: 2: 4 (घ.) 1: 8: 64
396	538	घ	भावप्रकाशनिघण्टु 	भेषज विधान प्र.	2	42	0	अवलेह के साथ उतम अनुपान है	(क.) दुग्ध	(ख.) इक्षु रस	(ग.) पंचमूल क्वाथ	(घ.) सभी	(क.) दुग्ध (ख.) इक्षु रस (ग.) पंचमूल क्वाथ (घ.) सभी
397	539	ख	भावप्रकाशनिघण्टु 	भेषज विधान प्र.	2	62	1	स्नेह परिपाक के कितने प्रकार होते हैं	(क.) 2	(ख.) 3	(ग.)4	(घ.) 6	(क.) 2 (ख.) 3 (ग.)4 (घ.) 6
398	540	क	भावप्रकाशनिघण्टु 	भेषज विधान प्र.	2	70	0	सीधू के प्रकार	(क.) 2	(ख.) 3	(ग.) 4	(घ.) कोई नहीं	(क.) 2 (ख.) 3 (ग.) 4 (घ.) कोई नहीं
399	541	घ	भावप्रकाशनिघण्टु 	भेषज विधान प्र.	2	72	0	वारूणी	(क.) ताड रस सन्धान से बनी मद्य	(ख.) खजूर रस सन्धान से बनी मद्य	(ग.) जौ रस से बनी मद्य	 घ. क-ख	(क.) ताड रस सन्धान से बनी मद्य (ख.) खजूर रस सन्धान से बनी मद्य (ग.) जौ रस से बनी मद्य  घ. क-ख
400	542	घ	भावप्रकाशनिघण्टु 	भेषज विधान प्र.	2	75, 76	0	चुक्र	(क.) जो मद्य अम्ल हो जाए	(ख.) अम्ल हुई मद्य के बिगड जाने पर जिसका सन्धान किया जाए	(ग.) गुड का जल, तैल, कन्द, शाक, और फल का सन्धान करके जो अम्ल हो जाए 	(घ.) सभी कथन सही है	(क.) जो मद्य अम्ल हो जाए (ख.) अम्ल हुई मद्य के बिगड जाने पर जिसका सन्धान किया जाए (ग.) गुड का जल, तैल, कन्द, शाक, और फल का सन्धान करके जो अम्ल हो जाए  (घ.) सभी कथन सही है
401	543	क	भावप्रकाशनिघण्टु 	भेषज विधान प्र.	2	69	1	अरिष्ट बनाने की विधि में यदि द्रव पदार्थ की मात्रा नहीं कही गई हो, तो कितनी मात्रा लेनी चाहिए	(क.) 1 द्रोण	(ख.) 1 तुला	(ग.) 1/2 तुला	(घ.) 8 पल	(क.) 1 द्रोण (ख.) 1 तुला (ग.) 1/2 तुला (घ.) 8 पल
402	544	ग	भावप्रकाशनिघण्टु 	धात्वादि. प्र.	3	25. 26	0	गजपुट का प्रमाण 	(क.) 20 अंगुल	(ख.) 25 अंगुल	(ग.) 30 अंगुल	(घ.) कोई नहीं	(क.) 20 अंगुल (ख.) 25 अंगुल (ग.) 30 अंगुल (घ.) कोई नहीं
403	545	ख	भावप्रकाशनिघण्टु 	धात्वादि. प्र.	3	27	0	वराह पुट का प्रमाण है	(क.) 30 अंगुल	(ख.) अरत्नि मात्रा	(ग.) बालिशत	(घ.) कोई नहीं	(क.) 30 अंगुल (ख.) अरत्नि मात्रा (ग.) बालिशत (घ.) कोई नहीं
404	546	क	भावप्रकाशनिघण्टु 	धात्वादि. प्र.	3	27	0	कुक्कुट पुट का प्रमाण	(क.) 1 बालिशत	(ख.) 1 अरत्नि	(ग.) 17 अंगुल	(घ.) 30 अंगुल	(क.) 1 बालिशत (ख.) 1 अरत्नि (ग.) 17 अंगुल (घ.) 30 अंगुल
405	547	ग	भावप्रकाशनिघण्टु 	धात्वादि. प्र.	3	43	1	मारण योग्य चांदी के कितने गुण होने चाहिए	(क.) 5	(ख.) 7	(ग.) 9	(घ.) 12	(क.) 5 (ख.) 7 (ग.) 9 (घ.) 12
406	548	घ	भावप्रकाशनिघण्टु 	धात्वादि. प्र.	3	57	0	ताम्र के दोष	(क.) 2	(ख.) 4	(ग.) 6	(घ.) 8	(क.) 2 (ख.) 4 (ग.) 6 (घ.) 8
407	549	घ	भावप्रकाशनिघण्टु 	धात्वादि. प्र.	3	71	0	वंग के भेद	(क.)6	(ख.) 5	(ग.) 4	(घ.) 2	(क.)6 (ख.) 5 (ग.) 4 (घ.) 2
408	550	क	भावप्रकाशनिघण्टु 	स्नेहपान प्र.	4	6	0	दीप्ताग्नि पुरूष के लिए स्नेहपान मात्रा होती है	(क.) 1 पल	(ख.) 3 कर्ष	(ग.) 2 कर्ष	(घ.) 1 तोला	(क.) 1 पल (ख.) 3 कर्ष (ग.) 2 कर्ष (घ.) 1 तोला
409	551	ख	भावप्रकाशनिघण्टु 	स्नेहपान प्र.	4	6	0	मध्यमाग्नि पुरूष के लिए सम्यक् स्नेहमात्रा	(क.) 4 कर्ष	(ख.) 3 कर्ष	(ग.) 2 कर्ष	(घ.) 1 कर्ष	(क.) 4 कर्ष (ख.) 3 कर्ष (ग.) 2 कर्ष (घ.) 1 कर्ष
410	552	ग	भावप्रकाशनिघण्टु 	स्नेहपान प्र.	4	6	0	हीन अग्नि पुरूष के लिए स्नेह की सम्यक् मात्रा	(क.) 4 तोला	(ख.) 3 तोला	(ग.) 2 तोला	(घ.) 1 तोला	(क.) 4 तोला (ख.) 3 तोला (ग.) 2 तोला (घ.) 1 तोला
411	553	क	भावप्रकाशनिघण्टु 	स्नेहपान प्र.	4	7	1	महती स्नेहमात्रा कौन सी है	(क.) 1 दिन एवं 1 रात्रि में जो पच जाए।	(ख.) 1 दिन में पचने वाली मात्रा	(ग.) आधे दिन में पचने वाली मात्रा	(घ.) 4 घंटे में पचने वाली मात्रा	(क.) 1 दिन एवं 1 रात्रि में जो पच जाए। (ख.) 1 दिन में पचने वाली मात्रा (ग.) आधे दिन में पचने वाली मात्रा (घ.) 4 घंटे में पचने वाली मात्रा
412	554	क	भावप्रकाशनिघण्टु 	स्नेहपान प्र.	4	8	1	स्नेह की कौन सी मात्रा अग्निदीपक एवं वीर्य वर्धक है	(क.) कनिष्ठा	(ख.) मध्यमा	(ग.) ज्येष्ठा	(घ.) काई भी नहीं	(क.) कनिष्ठा (ख.) मध्यमा (ग.) ज्येष्ठा (घ.) काई भी नहीं
413	555	क	भावप्रकाशनिघण्टु 	स्नेहपान प्र.	4	20	0	घृतपान पश्चात् अनुपान	(क.) उष्ण जल	(ख.) तैल	(ग.) मांड	(घ.)यूष	(क.) उष्ण जल (ख.) तैल (ग.) मांड (घ.)यूष
414	556	ख	भावप्रकाशनिघण्टु 	स्नेहपान प्र.	4	20	0	वसा एवं मज्जा पीने के पश्चात अनुपान	(क.) शीतल जल	(ख.) मांड	(ग.) तैल	(घ.) उष्ण जल	(क.) शीतल जल (ख.) मांड (ग.) तैल (घ.) उष्ण जल
415	557	ग	भावप्रकाशनिघण्टु 	स्नेहपान प्र.	4	25	0	स्नेंह के पचने पर चिकित्सा	(क.) वमन	(ख.) विरेचन	(ग.) उष्ण जल पान	(घ.) कोई नहीं	(क.) वमन (ख.) विरेचन (ग.) उष्ण जल पान (घ.) कोई नहीं
416	558	ख	भावप्रकाशनिघण्टु 	पंचकर्म प्र.	5	25	0	वमन अतियोग मे चिकित्सा	(क.) पुनः वमन औषध प्रयोग	(ख.) मृदु विरेचन	(ग.) तीक्ष्ण विरेचन	(घ.) नस्य	(क.) पुनः वमन औषध प्रयोग (ख.) मृदु विरेचन (ग.) तीक्ष्ण विरेचन (घ.) नस्य
417	559	ख	भावप्रकाशनिघण्टु 	पंचकर्म प्र.	5	36	1	विरेचन करवाने हेतु उतम ऋतुएं कौनसी हैं	(क.) शिशिर बसन्त	(ख.) बसन्त शारद	(ग.) हेमन्त. वर्षा	(घ.) हेमन्त शिशिर	(क.) शिशिर बसन्त (ख.) बसन्त शारद (ग.) हेमन्त. वर्षा (घ.) हेमन्त शिशिर
418	560	ग	भावप्रकाशनिघण्टु 	पंचकर्म प्र.	5	85	0	मात्रा वस्ति में स्नेह की मात्रा	(क.) 1 पल	(ख.) 2 पल	(ग.) दोनो	(घ.) कोई नहीं	(क.) 1 पल (ख.) 2 पल (ग.) दोनो (घ.) कोई नहीं
419	561	घ	भावप्रकाशनिघण्टु 	पंचकर्म प्र.	5	85-86	0	अनुवासन वस्ति के अयोग्य	(क.) मेह रोग	(ख.) कुष्ठ	(ग.) उदर रोग	(घ.) सभी	(क.) मेह रोग (ख.) कुष्ठ (ग.) उदर रोग (घ.) सभी
420	562	ख	भावप्रकाशनिघण्टु 	पंचकर्म प्र.	5	88-89	1	बस्ति हेतु 6 वर्ष तक के लिए बस्ति की लम्बाई कितनी होनी चाहिए	(क.) 6 अंगुल	(ख.) 8 अंगुल	(ग.) 10 अंगुल	(घ.) 12 अंगुल	(क.) 6 अंगुल (ख.) 8 अंगुल (ग.) 10 अंगुल (घ.) 12 अंगुल
421	563	ख	भावप्रकाशनिघण्टु 	पंचकर्म प्र.	5	89	0	6-8-12 अंगुल लम्बाई का वस्ति नेत्र का सही क्रम बताएँ	(क.) मुद्ग, कोल, कलाय	(ख.) मुद्ग, कलाय, कोल	(ग.) मुद्ग, कलाय, कोलास्थि	(घ.) मुद्ग, कोलास्थि, कलाय	(क.) मुद्ग, कोल, कलाय (ख.) मुद्ग, कलाय, कोल (ग.) मुद्ग, कलाय, कोलास्थि (घ.) मुद्ग, कोलास्थि, कलाय
422	564	क	भावप्रकाशनिघण्टु 	पंचकर्म प्र.	5	199	1	रेचन नस्य के भेद कितने हैं	(क.) 2	(ख.) 3	(ग.) 4	(घ.) 5	(क.) 2 (ख.) 3 (ग.) 4 (घ.) 5
423	565	ख	भावप्रकाशनिघण्टु 	पंचकर्म प्र.	5	197	1	नस्य कर्म में तीक्ष्ण औषधि की मात्रा	(क.) 1/2 शाण	(ख.) 1 शाण	(ग.) 1 1/2 शाण	(घ.) 2 शाण	(क.) 1/2 शाण (ख.) 1 शाण (ग.) 1 1/2 शाण (घ.) 2 शाण
424	566	क	भावप्रकाशनिघण्टु 	पंचकर्म प्र.	5	211	1	स्नेह नस्य के भेद कितने हैं	(क.) 2	(ख.) 3	(ग.) 4	(घ.) कोई नहीं	(क.) 2 (ख.) 3 (ग.) 4 (घ.) कोई नहीं
425	567	ग	भावप्रकाशनिघण्टु 	पंचकर्म प्र.	5	212	0	उत्तम अर्श नस्य की मात्रा	(क.) 2 शाण	(ख.) 4 शाण	(ग.) 8 शाण	(घ.) 10 शाण	(क.) 2 शाण (ख.) 4 शाण (ग.) 8 शाण (घ.) 10 शाण
426	568	ग	भावप्रकाशनिघण्टु 	पंचकर्म प्र.	5	227	0	प्रतिमर्श नस्य की मात्रा	(क.) अर्द्ध बिन्दू	(ख.) 1 बिन्दू	(ग.) 2 बिन्दू	(घ.) 4 बिन्दू	(क.) अर्द्ध बिन्दू (ख.) 1 बिन्दू (ग.) 2 बिन्दू (घ.) 4 बिन्दू
427	569	ग	भावप्रकाशनिघण्टु 	पंचकर्म प्र.	5	228	1	प्रतिमर्श देने का क्या समय है	(क.) 10	(ख.) 12	(ग.) 14	(घ.) 20	(क.) 10 (ख.) 12 (ग.) 14 (घ.) 20
428	570	ख	भावप्रकाशनिघण्टु 	धूम्रपान प्र.	6	1	1	धूम्रपान के प्रकार कितने हैं	(क.) 4	(ख.) 6	(ग.) 7	(घ.) 8	(क.) 4 (ख.) 6 (ग.) 7 (घ.) 8
429	571	घ	भावप्रकाशनिघण्टु 	धूम्रपान प्र.	6	12	0	शमन संज्ञक धूम्रपान नली की लम्बाई	(क.) 26	(ख.) 28	(ग.) 32	(घ.) 40	(क.) 26 (ख.) 28 (ग.) 32 (घ.) 40
430	572	ख	भावप्रकाशनिघण्टु 	धूम्रपान प्र.	6	14	0	वामनीय एवं व्रण नाडी नली की लम्बाई	(क.) 8 अंगुल	(ख.) 10 अंगुल	(ग.) 12 अंगुल	(घ.) 14 अंगुल	(क.) 8 अंगुल (ख.) 10 अंगुल (ग.) 12 अंगुल (घ.) 14 अंगुल
431	573	ग	भावप्रकाशनिघण्टु 	धूम्रपान प्र.	6	29	1	गण्डूष के कितने भेद हैं	(क.) 2	(ख.) 3	(ग.) 4	(घ.) 5	(क.) 2 (ख.) 3 (ग.) 4 (घ.) 5
432	574	ग	भावप्रकाशनिघण्टु 	धूम्रपान प्र.	6	31	0	गण्डूष धारण करने हेतु चूर्ण की मात्रा	(क.) 1/2 कोल	(ख.) 1 कर्ष	(ग.) 1 कोल	(घ.) 1/2 कर्ष	(क.) 1/2 कोल (ख.) 1 कर्ष (ग.) 1 कोल (घ.) 1/2 कर्ष
433	575	ख	भावप्रकाशनिघण्टु 	धूम्रपान प्र.	6	31	0	कवल धारण करने के लिए कल्क किस मात्रा	(क.) 1/2 कर्ष	(ख.) 1 कर्ष	(ग.) 2 कर्ष	(घ.) 1कोल	(क.) 1/2 कर्ष (ख.) 1 कर्ष (ग.) 2 कर्ष (घ.) 1कोल
434	576	क	भावप्रकाशनिघण्टु 	धूम्रपान प्र.	6	40	1	स्वेद के कितने प्रकार हैं	(क.) 4	(ख.) 10	(ग.) 13	(घ.) 14	(क.) 4 (ख.) 10 (ग.) 13 (घ.) 14
435	577	ग	भावप्रकाशनिघण्टु 	धूम्रपान प्र.	6	78	1	मूर्द्धतैल के कितने प्रकार हैं	(क.) 2	(ख.) 3	(ग.) 4	(घ.) 5	(क.) 2 (ख.) 3 (ग.) 4 (घ.) 5
436	578	ख	भावप्रकाशनिघण्टु 	धूम्रपान प्र.	6	92	1	लेप के कितने प्रकार हैं	(क.) 2	(ख.) 3	(ग.) 4	(घ.) कोई नहीं	(क.) 2 (ख.) 3 (ग.) 4 (घ.) कोई नहीं
437	579	ग	भावप्रकाशनिघण्टु 	धूम्रपान प्र.	6	152	1	भावप्रकाश ने नेत्र चिकित्सा कितने प्रकार की बताई है	(क.) 3	(ख.) 5	(ग.) 7	(घ.) 9	(क.) 3 (ख.) 5 (ग.) 7 (घ.) 9
438	580	ख	भावप्रकाशनिघण्टु 	धूम्रपान प्र.	6	143	1	सेंक करने के लिए नेत्र एवं धार में कितनी दूरी सम्यक् है	(क.) 2 अंगुल	(ख.) 4 अंगुल	(ग.) 6 अंगुल	(घ.) 3 अंगुल	(क.) 2 अंगुल (ख.) 4 अंगुल (ग.) 6 अंगुल (घ.) 3 अंगुल
439	581	क	भावप्रकाशनिघण्टु 	धूम्रपान प्र.	6	175	0	वर्त्म गत रोगों में कितनी वाक शत तक तर्पण करना चाहिए	(क.) 100	(ख.) 500	(ग.) 600	(घ.) 700	(क.) 100 (ख.) 500 (ग.) 600 (घ.) 700
440	582	ख	भावप्रकाशनिघण्टु 	धूम्रपान प्र.	6	199	1	अंजन के कितने भेद हैं	(क.) 2	(ख.) 3	(ग.) 4	(घ.) 5	(क.) 2 (ख.) 3 (ग.) 4 (घ.) 5
441	583	ग	भावप्रकाशनिघण्टु 	धूम्रपान प्र.	6	199	0	रसरूप, चूर्ण रूप तथा वर्त्ति रूप किसके भेद हैं	(क.) पुटपाक	(ख.) तर्पण	(ग.) अंजन	(घ.) सेक	(क.) पुटपाक (ख.) तर्पण (ग.) अंजन (घ.) सेक
442	584	ख	भावप्रकाशनिघण्टु 	धूम्रपान प्र.	6	237	1	भावप्रकाश के अनुसार भेषज-भक्षण-समय कितने बताए गए हैं	(क.) 3	(ख.) 5	(ग.) 7	(घ.) 11	(क.) 3 (ख.) 5 (ग.) 7 (घ.) 11
443	585	ग	भावप्रकाशनिघण्टु 	रोगीपरीक्षा प्र.	7	1	0	भावप्रकाश में रोगी की परीक्षा किस आचार्य सम बताई है	(क.) चरक	(ख.) सुश्रुत	(ग.) वाग्भट्ट	(घ.) माधव	(क.) चरक (ख.) सुश्रुत (ग.) वाग्भट्ट (घ.) माधव