id	category	chapter_id	verse_id	question	options	answer
1001	synonym	8	2	तृणधान्यम् कस्य पर्यायः अस्ति	क्षुद्रधान्यम् / धान्यम् / शाकम् / व्रीहिधान्यम्	क्षुद्रधान्यम्
1002	synonym	8	20	कृष्णतण्डुलः कस्य पर्यायः अस्ति ? 	कृष्णः / जतुमुखः / व्रीहि / शालामुखः	शालामुखः
1003	synonym	8	48	वनमुद्गः कस्य पर्यायः ? 	मुद्गः / माषः / क्षुद्रधान्यम् / मकुष्ठकः	मकुष्ठकः
1004	list.type	8		शालिधान्यस्य प्रकाराः के सन्ति		रक्तशालिः + कलमः + पाण्डुकः + शकुनाहृतः + सुगन्धकः + कर्दमकः + महाशालिः + दूषकः + पुष्पाण्डकः + पुण्डरीकः + महिषमस्तकः + दीर्घशूकः + काञ्चनकः + हायनः + लोध्रपुष्पक
1005	count.type	8	1	धान्यस्य कति प्रकाराः उक्ताः		पञ्च
1006	list.type	8	1	धान्यस्य के प्रकाराः उक्ताः		शालिधान्यम् + व्रीहिधान्यम् + शूकधान्यम् + शिम्बिधान्यम् + क्षुद्रधान्यम्
1007	variant	8	20	शालामुखः कस्य प्रकारः अस्ति? 	शालिधान्यम् / व्रीहिधान्यम् / शूकधान्यम् / शिम्बिधान्यम्	व्रीहिधान्यम्
1008	count.variant	8	38	मुद्गस्य कति भेदाः उक्ताः? 		पञ्च
1009	comparison,variant,location	8	20	दग्धमृत्-जात-शाली शाली च अनयोः को भेदः?		शालिः स्निग्धा अस्ति, दग्धमृज्जातशालिः रूक्षा
1010	comparison	8	15	शालिधान्यस्य कः प्रकारः श्रेष्ठः ? 		रक्तशालिः
1011	comparison	8	21	व्रीहिषु कः श्रेष्ठः?		 कृष्णव्रीहि
1012	property	8	17	वार्षिकस्य व्रीहेः वर्णः कः? 		शुक्लः
1013	property	8	21	व्रीहेः विपाकः कः ? 	अम्ल / कटु / मधुर / उष्ण	मधुर
1014	property	8	70	सर्षपस्य प्रभावः कः? 	अलक्ष्मीहर / मंगलकर  / रक्षोहर / ग्रहहर	रक्षोहर
1015	property	14	1	दधेः वीर्यगुणः कः?		उष्णः
1016	property	1	19	कः रसः हरितक्याम् नास्ति ? 		लवणः
1017	count.property	7	40	लौहधातोः कति दोषाः उक्ता? 		 ७
1018	count.property	1	19	हरीतक्याः रसाः कतिपयः ? 		पञ्च
1019	count.property	1	87	धान्यकस्य रसाः कतिपयः 		द्वे
1020	ingredient	11		अधोलिखितेषु नारिकेरः कस्य कृतान्नस्य घटकः अस्ति? 	नारिकेरक्षीरी / ओदन / क्षीरिका / पायस	नारिकेरक्षीरी
1021	ingredient	11	5	सुधौतः तण्डुलः इति कस्य कृतान्नस्य घटकः स्यात्? 	ओदन / दालि / सूप / पोलिका	ओदन
1022	ingredient	11		क्षीरिकायाः घटकाः के? 	अर्धपक्वं शुद्धं दुग्धम् / घृताक्ततण्डुलम् / क्षीरम्	अर्धपक्वं शुद्धं दुग्धम् + घृताक्ततण्डुलम्
1023	method.preparation.output	8	53	अङ्गारभृष्टचणकः केन संस्कारेण उत्पद्यते? 	पाचनम् / भर्जनम् / शुष्कभर्जनम् / अङ्गारभर्जनम्	अङ्गारभर्जनम्
1024	method.preparation.output	8	55	चणकसूपः कस्य कृतान्नम् अस्ति	चणकः / मुद्गः / दालिः / शिम्बिधान्यम्	चणकः
1025	method.preparation.output	11	173	यवेषु केन संस्कारेण धाना उत्पद्यते?		भर्जनसंस्कारः
1026	method.preparation	8	54	केन संस्कारेण चणकः बल्यः भवति ? 	आर्द्रभर्जनम् / शुष्कभर्जनम् / स्वेदनम् / पेषणम्	आर्द्रभर्जनम्
1027	method.preparation	11	26	पोलिकायाः उत्पत्तौ के के संस्काराः? 	पाचनम् / वेल्लनम् / चिपिटीकरणम्	पाचनम् + वेल्लनम्
1028	method.preparation	11	61	केन संस्कारेण मुद्गवटकाः त्रिदोषशामकाः भवन्ति ? 	तलन-संस्कारः / वटकीकरण-संस्कारः / घृत-तलन-संस्कारः / तक्र-मज्जन-संस्कारः	तक्र-मज्जन-संस्कारः
1029	consumption.companion	11	27	पोलिकायाः अनुपानं किम् ? 	लप्सिका / घृतम् / दुग्धम् / शर्करा	लप्सिका
1030	consumption.companion	11	68	अलीकमत्स्यस्य अनुखादनं किम् ? 		वृन्ताक-भटित्र / वास्तुक-शाक
1031	location	8	32	महागोधूमस्य उत्पत्तिः कुतः अस्ति? 	पश्चात्-देशः / उत्तरदेशः / मध्यदेशः / दक्षिणदेशः	पश्चात् देशः
1032	location,variant	8	32	मध्यदेशः इति उत्पत्तिस्थानम् कस्य गोधूमस्य?		मधूली
1033	time	11	169	चणकसक्तूनाम् अभ्यवहरणकालः कः? 	वसन्तः / वर्षा / हेमन्तः / ग्रीष्मः	ग्रीष्मः
1034	time	11	170	अधोलिखितेषु कः सक्तूनाम् अभ्यवहरणकालः न अस्ति	निशा / प्रातः / भुक्त / मध्याह्ने	निशा / भुक्त
1035	comparison,property	10	51	केषाम् पक्षिणां मांसं लघुतमं स्यात् 	जले निवसतां पक्षिणाम् / धान्यस्य अंकुरान् चरतां पक्षिणाम् / विष्किरपक्षिणाम् / बिलेशयपक्षिणाम्	धान्यस्य अंकुरान् चरतां पक्षिणां
1036	effect.karma	8	7	वर्चसि शाल्याः किं कर्म? 	बद्धवर्चस् / अल्पवर्चस् / विरेचन / १+२	बद्धवर्चस् + अल्पवर्चस्
1037	effect.karma	8	34	गोधूमस्य कानि कर्माणि दृश्यन्ते 	 सन्धानम् / जीवनम् / बृंहणम् / सर्वाणि	सर्वाणि
1038	effect.karma	8		शिम्बिधान्येषु किं स्तन्यकरम् अस्ति? 	 निष्पाव / मुद्ग / माष / १+३	निष्पाव + माष
1039	effect.karma	8	52	रक्तधातवे चणकस्य किं कर्म? 	रक्तहर / रक्तविकारापह / रक्तप्रकोपक / रक्तदुष्टीकर	रक्तविकारापह
1040	effect.karma	17	4	विशेषेण चक्षुष्यं घृतं कतम्? 	 माहिष / आविक / गव्य / आज	गव्य
1041	effect.karma,variant	1	30	पथ्यायाः केन भेदेन संग्रहणं कर्म दृश्यते ?	 पथ्या / भृष्ट-पथ्या / स्विन्ना पथ्या / चर्विता पथ्या	स्विन्ना पथ्या
1042	source.completion	8	42	मंगल्यको ……. स्यान्मंगल्या च मसूरिका । 	 मुद्गः / मकुष्ठः / माषः / मसूरः	मसूरः
1043	source.completion	11	44	पर्पटास्ते सदा …….. परमरोचकाः। 	 भृष्टाः / अङ्गारभृष्टाः / पाचिताः / तलिताः	अङ्गारभृष्टाः
1044	source.completion	8	40	माषः …….। 	 अनिलापहः / त्रिदोषकारकः / पित्तहरः / कफघ्नः	अनिलापहः
1045	meta.reference	7	168,170	भावप्रकाशः हीरकस्य वर्णनं कस्मिन् वर्गे कृतवान्? 		धातूपधातुरसोपरसरत्नोपरत्नविषोपविषवर्गः / धात्वादिवर्गः
1046	meta.reference	1	203	रसाञ्जनं कस्मिन् वर्गे वर्णितम्? 		हरीतक्यादिवर्गः
1047	meta.reference	8	69	सर्षपस्य वर्णनं कस्मिन् वर्गे स्यात्? 		धान्यवर्गः
1048	comparison,property	8	38	श्यामः मुद्गः कस्मात् लघुः ? 	हरित / पीतक / श्वेत / रक्त	सर्वेभ्यः
1049	comparison,property	8	38	हरितः मुद्गः कस्मात् गुरुः? 	पीतक / श्याम / श्वेत / रक्त	श्याम-मुद्ग
1050	true-false	8	90	किॅ वाक्यं योग्यम् अस्ति? 	पुराणतिलः भद्रतरः नवतिलात् / नवगोधूमः भद्रतरः पुराणगोधूमात् / पुराणयवः भद्रतरः नवयवात् / पुराणमाषः भद्रतरः नवमाषात्	नवगोधूमः भद्रतरः पुराणगोधूमात्
1051	disease-treatment	8	54	कः चणकः कुष्ठव्याधिं वर्धते? 	स्विन्न / शुष्कभृष्ट / आर्द्रभृष्ट / अपक्व	शुष्कभृष्ट
1052	disease-treatment	8	59	त्रिपुटसेवनात् का व्याधि जायते ? 	ज्वरः / खञ्जत्वम् / पङ्गुत्वम् / २+३	खञ्जत्वम् + पङ्गुत्वम्
1053	disease-treatment	8	70	सर्षपसेवनेन का व्याधि वर्धते ? 	रक्तपित्तम् / ज्वरः / अम्लपित्तम् / कृमिः	रक्तपित्तम्
1054	disease-treatment	9	41	अधोलिखितेषु कः शाकः सर्वज्वरहर्ता अस्ति? 	पटोलपत्रम्  / गुडूची  / कासमर्द  / गोजिह्वा	गुडूची
1055	disease-treatment	7	119	पिनाक-अभ्रक-सेवनात् कः रोगः जायते ? 	मधुमेहः / ग्रन्थिः / महाकुष्ठः / मृत्युः	महाकुष्ठः
1056	effect.tridosha	8	70	कफदोषे सर्षपस्य किं कर्म? 		 कफघ्न
1057	effect.tridosha	8	55	स्विन्नचणकविषये किं वाक्यं योग्यम्? 	स्विन्नचणकः पित्तं हन्ति। / स्विन्नचणकः पित्तं वर्धयति। / स्विन्नचणकः कफं हन्ति।	स्विन्नचणकः पित्तं हन्ति। / स्विन्नचणकः कफं हन्ति।
1058	effect.tridosha	9	120	संस्वेदजाः शाकाः कान् दोषान् प्रकोपयन्ति ? 	वातः / पित्तम् / कफः / त्रिदोषम्	त्रिदोषम्
1059	part-of.negation	8	32	शूकः कस्य भागः न वर्तते? 	शालिः / यवः / गोधूमः / दीर्घगोधूमः	दीर्घगोधूमः
1060	part-of.negation	11	169	तुषः कस्य भागः नास्ति? 	भृष्टयव / भृष्टचणक / शालि /निस्तुष चणक।	निस्तुषचणकः
1061	consumption.manner	9	103	कः शाकः अपक्वः शुष्कः च उभयथापि सेवनं निषिद्धं न अस्ति ? 		 मूलक
1062	consumption.manner	1	33	हरीतक्याः केन द्रव्येण सह मिश्रणं पित्तशमनं करोति?	शर्करा / लवण / मधु / घृत	 शर्करा
1063	consumption.manner	1	16	चूर्णकल्पनार्थे का शस्ता ? 	चेतकी / अभया / पूतना / विजया	 चेतकी
1064	quantity,method.preparation	11	137	कुण्डलिनीनाम कृतान्ने अम्लदधेः परिमाणं किम् अस्ति? 	अर्धप्रस्थ / द्विप्रस्थ / प्रस्थ / अर्धशराव	 अर्धप्रस्थ
1065	quantity,method.preparation	11	155	निम्बुफलपानके निम्बुफलापेक्षया शर्करोदकस्य परिमाणं किम्? 	एकभाग / द्विभाग / षड्भाग / अष्टभाग	षड्भाग
1066	consumption.suitability	1	35	कः कः अभयां न खादेत्?		बलवर्जितः / गर्भवतीनारी / पित्ताधिकः / विमुक्तरक्तः / रूक्षः / कृशः / लंघनकर्शितः / अध्वातिखिन्नः
1067	method.preparation,consumption.suitability,time	1	34	मधु-अभययोः संयोगः कस्मिन् ऋतौ शस्तः? 		वसन्तः
1068	property	1	219	अम्लवर्जितः इति कस्य द्रव्यस्य वर्णनं स्यात्?	रसोन / हरीतकी / आमलकी / गुडूची	रसोनम्
1069	part-of,property	1	220	रसोनस्य कः भागः तिक्तरसप्रधानः? 	पत्रम् / मूलम् / बीजम् / नालः	पत्रम्
1	meta.order	1	1	भावप्रकाशननिघण्टौ प्रथमं कस्य वर्गस्य उल्लेखः अस्ति? 		हरीतक्यादि
2	origin	1	5	अमृतपानसमये भगवतः इन्द्रस्य मुखात् पृथिव्यां बिन्दुः पतित्वा किं द्रव्यम् उत्पन्नम् आसीत्? 	गुडूची / अभया / आमलकी / अमृतवल्ली	अभया
4	count.variant	1		हरीतक्याः कति प्रकाराः उक्ताः?		७
5	variant,location	1		हरीतक्याः कः प्रकारः सर्वत्र उपलभ्यते? 	विजया / चेतकी / अभया / रोहिणी	रोहिणी
6	count.property	1		हरीतक्यां कति रसाः वर्तन्ते? 		५
7	variant,property	1	29	उत्तमहरीतक्याः भारः कियान् भवेत्?		२ कर्षः
9	synonym	1	37	बिभीतकस्य पर्यायः कः अस्ति? 	कलिद्रुमः / भूतवासः / कलियुगालयः / सर्वे	सर्वे
10	synonym	1	38	आमलक्याः पर्यायः कः अस्ति? 	वयस्या / वृष्या / जातीफलरसम् / सर्वे	सर्वे
12	source.completion	1	39	"हरीतकीसमं ......रक्तपित्तप्रमेहघ्नं परं वृष्यं रसायनम्। " - एतत् कस्य विषये उक्तम् अस्ति?		आमलक्याः
13	synonym	1	43	वरा कस्य पर्यायः अस्ति? 		त्रिफलायाः
14	synonym	1	44	शुण्ठी कस्य पर्यायः अस्ति? 	विश्वायाः / महौषधस्य / श्रृङ्गवेरस्य / सर्वेषाम्	सर्वेषाम्
15	synonym	1	54	पिप्पली कस्य पर्यायः अस्ति?	कणायाः / वैदेह्याः / तीक्ष्णतण्डुलायाः / सर्वेषाम्	सर्वेषाम्
16	synonym	1	54	पिप्पली कस्य पर्यायः अस्ति? 	मागध्याः / कृष्णायाः / चपलायाः / सर्वेषाम्	सर्वेषाम्
17	synonym	1	59	मरीचः कस्य पर्यायः अस्ति? 	कृष्णस्य / धर्मपतनस्य / वेल्लजस्य / सर्वेषाम्	सर्वेषाम्
18	synonym	1	55	मरीचः कस्य पर्यायः नास्ति? 	कृष्णायाः / ऊषणस्या / कृष्णस्य / वेल्लजस्य	कृष्णायाः
19	synonym	1	62	व्योषः कस्य पर्यायः अस्ति? 	त्रिकटोः / त्र्यूषणस्य / कटुत्रिकस्य / सर्वेषाम्	सर्वेषाम्
20	synonym	1	64	चटकाशिरः कस्य पर्यायः अस्ति? 	शुण्ठ्याः / काकानासायाः / पिप्पलीमूलस्य / भल्लातकस्य	पिप्पलीमूलः
27	synonym	1		अजमोदा कस्य पर्यायः अस्ति? 	खराश्वस्य / मायूरस्य / ब्रह्मकुशायाः / सर्वेषाम्	सर्वेषाम्
29	synonym	1	86	कुस्तुम्बरू कस्य पर्यायः अस्ति? 		धान्यकस्य
30	synonym	1	93	मेथिका कस्य पर्यायः अस्ति? 	बहुपत्रिकायाः / बहुबीजायाः / बहुपर्ण्याः / सर्वेषाम्	सर्वेषाम्
31	synonym	1	94	मेथिका अधोदत्तेषु कस्य पर्यायः अस्ति? 	ज्योतेः / पीतबीजस्य / मुनिच्छदायाः / सर्वेषाम्	सर्वे
32	synonym	1	96	पशुमेहनकारिका अनेन शोषणस्य पर्यायः कः अस्ति?  अधोलिखितेषु	मेथिका / जीरकम् / चन्द्रशूरः / अजमोदा	चन्द्रशूरः
33	synonym.negation	1	100	अधोलिखितेषु हिङ्गुः इति कस्य पर्यायः न अस्ति? 	सहस्रवेधेः / रामठस्य / बाल्हीकस्य / न कस्यचन	न कस्यचन
36	meta.reference	1	102	द्वीपान्तरवचायाः वर्णनं भावप्रकाशस्य कस्मिन् वर्गे कृतम् अस्ति?		हरीतक्यादिवर्गे
37	synonym	1	111	विडङ्गः अधस्तनेषु कस्य पर्यायः  अस्ति?	कृमिघ्नस्य / चित्रतण्डुलस्य / जन्तुनाशनस्य / सर्वेषाम्	सर्वेषाम्
38	synonym	1	117	तुगाक्षीरी अधस्तनेषु कस्य पर्यायः अस्ति?	वंशलोचनस्य / विडंगस्य / द्वीपांतर वचा / लवङ्गस्य	वंशलोचनस्य
39	synonym	1	145	क्लीतकस्य पर्यायः अधस्तनेषु कः अस्ति?	हरिद्रा / यष्टिमधु / मधूक / सारिवा	यष्टिमधु
40	synonym.negation	1	147	आरग्वधः अधस्तनेषु कस्य पर्यायः न अस्ति?	शम्पाकस्य / व्याधिघातस्य / रोचनस्य / कर्णिकारस्य	रोचनस्य
41	synonym	1	151	कुटकी अधस्तनेषु कस्य पर्यायः अस्ति?	कृष्णभेदायाः / कटम्भरायाः / शकुलादन्याः / सर्वेषाम्	सर्वेषाम्
42	synonym	1	152	मत्स्यपित्ता अधस्तनेषु कस्य पर्यायः अस्ति?	कुटक्याः / मधुयष्ट्याः / आरग्वधस्य / मण्डूक्याः	कुटक्याः
43	synonym	1	153	किराततिक्तः एतेषु कस्य पर्यायः अस्ति?	कटुरोहिण्याः / तिक्तायाः/ कटुकायाः / काण्डतिक्तायाः	काण्डतिक्तायाः
44	synonym	1	161	विषपुष्पकः एतेषु कस्य पर्यायः अस्ति?	मदनफलस्य / अर्कस्य / लाङगल्याः / करवीरस्य	मदनफलस्य
45	synonym	1	160	मदनफलम् एतेषु कस्य पर्यायः अस्ति?	छर्दनस्य / नटस्य / शल्यकस्य / सर्वेषाम्	सर्वेषाम्
46	synonym.negation	1	162	रास्ना एतेषु कस्य पर्यायः न अस्ति?	युक्तरसायाः / एलापर्ण्याः / श्रेयस्याः / रामसेनकस्य	रामसेनकस्य
48	synonym			पारावतपदी एतेषु कस्य पर्यायः अस्ति?	मालकाङ्गन्याः / रास्नायाः / गुडुच्याः / ब्राह्म्याः	मालकाङ्गन्याः
49	synonym,part-of	1	176	चोकः कस्य द्रव्यस्य मूलं कथ्यते?		सत्यानाश्याः
51	synonym	1	183	ब्राह्मणयष्टिका एतेषु कस्य पर्यायः अस्ति?	यष्टीमधुनः/ धातक्याः / भारङ्ग्याः / कायफलस्य	भारङ्ग्याः
52	synonym.negation	1	187	कट्फलः एतेषु कस्य पर्यायः न अस्ति?	कैटर्यस्य/ अङ्गारवल्ल्याः / श्रीपर्णिकायाः / भद्रवत्याः	अङ्गारवल्ल्याः
53	synonym.negation	1	182	धातकी एतेषु कस्य पर्यायः न अस्ति?	ताम्रपुष्प्याः / कुन्जरायाः / भद्रायाः / वह्निज्वालायाः	भद्रायाः
54	synonym	1	188	भावप्रकाशानुसारं मण्डूकपर्णी एतेषु कस्य पर्यायः अस्ति?	मण्डूक्याः / ब्रह्म्याः / मञ्जिष्ठा	मञ्जिष्ठा
55	synonym.negation	1	188	मञ्जिष्ठा एतेषु कस्य पर्यायः नास्ति?	मण्डूकपर्ण्याः / योजनवल्ल्याः / रक्तयष्टिकायाः / भद्रवत्याः	भद्रवत्याः
56	effect.karma	1	195	विशेषाद्वयङ्गनाशनः एतेषु कस्य कर्म अस्ति?	अलक्तकस्य / शाल्मल्याः / मधुयष्ट्याः / नीमस्य	अलक्तकस्य
57	synonym	1	194	पलङ्कषा एतेषु कस्य पर्यायः अस्ति?	मण्डूकपर्ण्याः / लाक्षायाः / गुगुलस्य / बह्म्याः	लाक्षायाः
58	synonym.negation	1	196	हरिद्रा एतेषु कस्य पर्यायः नास्ति?	निशायाः / योषितप्रियायाः / हटविलासन्याः / भद्रायाः	भद्रायाः
59	synonym	1	197	हरिद्रा एतेषु कस्य पर्यायः अस्ति?	काच्चन्याः / पीतायाः / वरवर्णिन्याः / सर्वेषाम्	सर्वेषाम्
60	comparison,property	1	198	कर्पूरहरिद्रयोः गन्धः केन तुल्यः अस्ति?		आम्रेण
61	synonym	1	198	सुरभीदारु एतेषु कस्य पर्यायः अस्ति?	दारूहरिद्रायाः / हरिद्रायाः / कर्पूरहरिद्रायाः / तेजोहवायाः	कर्पूरहरिद्रायाः
62	property	1	200	कुष्ठवातास्त्रनाशनः एतेषु कस्य गुणः अस्ति?	कर्पूरहरिद्रायाः / हरिद्रायाः / अरण्यहरिद्रायाः / दारूहरिद्रायाः	अरण्यहरिद्रायाः
63	synonym	1	201	दारूहरिद्रा एतेषु कस्य पर्यायः अस्ति?	पर्जन्यायाः / कटङ्कटेर्याः / पचम्पचायाः / सर्वेषाम्	सर्वेषाम्
64	source.about	1	202	"निशागुणा किन्तु नेत्र कर्णास्यरोगनुत्" अत्र कस्य विषये उक्तम् अस्ति?	हरिद्रायाः / दारूहरिद्रायाः / अरण्यहरिद्रायाः / कर्पूरहरिद्रायाः	अरण्यहरिद्रायाः
65	source.completion	1	203	"...... तत् नेत्रयोः परं हितम्।" कस्य विषये उक्तम् अस्ति?	मुद्गस्य / रसाञ्जनस्य / गृञ्जनस्य / आमलकस्य	रसाञ्जनस्य
66	synonym	1	204	तार्क्ष्यशैलं, रसगर्भः, तार्क्ष्यजं च कस्य पर्यायाः सन्ति?	रसाञ्जनस्य / हरिद्रायाः / शिलाजीतः / मुक्ताशुक्त्याः	रसाञ्जनस्य
67	synonym			बाकुची अधोलिखितेषु कस्य पर्यायः अस्ति?	सोमराज्याः / कालमेष्याः / शशिलेखायाः / सर्वेषाम्	सर्वेषाम्
68	synonym.negation	1		बाकुची अधोलिखितेषु कस्य पर्यायः नास्ति?	पूतिफल्याः / कालमेष्याः / भद्रवत्याः / अवल्गुजस्य	भद्रवत्याः
69	synonym	1	210	मेषलोचनः अधोलिखितेषु कस्य पर्यायः अस्ति?	कुष्ठस्य/ चक्रमर्दस्य / कासमर्दस्य / मेषश्रृङ्ग्याः	चक्रमर्दस्य
70	synonym	1		चक्रमर्दः अधोलिखितेषु कस्य पर्यायः अस्ति?	प्रपुन्नाटस्य / द्रद्रुघ्नस्य / एडगजस्य / सर्वेषाम्	सर्वेषाम्
71	synonym.negation	1	212	अतिविषा अधोलिखितेषु कस्य पर्यायः न अस्ति?	विश्वायाः / शुक्लकन्दायाः / घुणवल्लभायाः / सोमराज्याः	सोमराज्याः
72	synonym	1	213	अतिविषा अधोलिखितेषु कस्य पर्यायः अस्ति?	श्रृंग्याः / अरुणयाः / भङ्गुरायाः / सर्वेषाम्	सर्वेषाम्
73	count.variant	1	215	भावप्रकाशेन लोध्रस्य कति प्रकाराः उक्ताः?		२
74	synonym	1	215	स्थूलवल्कलः अधोलिखितेषु कस्य पर्यायः अस्ति?	अर्जुनस्य / खदिरस्य / लोध्रस्य / पीपलस्य	लोध्रस्य
75	synonym.reverse	1	216	जीर्णपत्रं, बृहत्पत्रं, क्रमुकं, लाक्षाप्रसादनं च कस्य पर्यायाः सन्ति?		पट्टिका-लोध्रस्य
76	synonym	1	217	लशुनं अधस्तनेषु कस्य पर्यायः अस्ति?	उग्रगन्धस्य / महौषधस्य / म्लेच्छकन्दस्य / सर्वेषाम्	सर्वेषाम्
77	property.negation	1	219	लशुने कः रसः न अस्ति?		अम्लः
81	synonym	1	226	पलाण्डुः निम्नेषु कस्य पर्यायः अस्ति?	यवनेष्टस्य / अरिष्टस्य / उग्रगन्धस्य / रसोनकस्य	यवनेष्टस्य
82	synonym	1	226	पलाण्डुः निम्नेषु कस्य पर्यायः अस्ति?	मुखदूषकस्य / दुर्गन्धस्य / यवनेष्टस्य / सर्वेषाम्	सर्वेषाम्
83	synonym	1	229	अरूष्करः निम्नेषु कस्य पर्यायः अस्ति?	चित्रकस्य / भल्लातकस्य / दन्त्याः / मञ्जिष्ठायाः	भल्लातकस्य
84	synonym.reverse	1	229	अग्निमुखी, क्षीरवृक्षः, शोफकृत् कस्य पर्यायाः सन्ति?		भल्लातकस्य
85	part-of,property	1	231	भल्लातकस्य कः भागः केश्यः (केशेभ्यः हितकरः) अस्ति?		वृन्तम्
86	property	1	234	मोहमदवाग्वह्निवर्धिनी निम्नेषु कस्य गुणः अस्ति?	मद्यस्य / भङ्गायाः / आफूकस्य / धत्तूरस्य	भङ्गायाः
87	meta.reference	1	238	आफूकस्य वर्णनं कस्य ग्रन्थे लभ्यते?	वाग्भट्टस्य / शारंगधरस्य / भावप्रकाशस्य	वाग्भट्टस्य / भावप्रकाशस्य
88	part-of	1	238	खाखसस्य कस्मात् भागात् आफूकः निष्पद्यते? 		फलस्य क्षीरात्
90	synonym	1	241	शीतशिवः एतेषु कस्य पर्यायः अस्ति?	धत्तूरस्य / सैन्धवस्य / भङ्गायाः/ अहिफेनस्य	सैन्धवस्य
91	meta.reference	1	241	भावप्रकाशः सैन्धवस्य वर्णनं कस्मिन् वर्गे कृतवान्?		हरीतक्यादौ
94	property,variant	1	246	उर्ध्वाधः कफवातानुलोमनं कस्य लवणस्य गुणः अस्ति?	सैन्धवस्य / सामुद्रस्य / बिडस्य / सौवर्चलस्य	बिडस्य
95	synonym	1	250	कः पाशुलवणम् उच्यते?	सामुद्रलवणम् / औद्भिद्लवणम् / बिडः / सौवर्चलः	औद्भिद्लवणम्
96	count.type	1		भावप्रकाशे कति प्रकाराणां लवणानां वर्णनं कृतम् अस्ति?		६
97	synonym	1	256	धातुद्रावकः कः क्षारः अस्ति?		टङ्कणः
98	count.type	1	259	भावप्रकाशे कति क्षारसमूहानां वर्णनं कृतम्?	क्षारद्वयस्य / क्षारत्रयस्य / क्षाराष्टकस्य / सर्वेषाम्	सर्वेषाम्
101	synonym	2	1	चन्द्रसंज्ञ एतेषु कस्य पर्यायः अस्ति?	कर्पूरस्य / मिश्र्याः / लवणस्य / पूतिकायाः	कर्पूरस्य
102	synonym	2	5	कस्तूरी एतेषु कस्य पर्यायः अस्ति?	वेदमुख्यायाः / मृगमदस्य / सहस्रभिदः / सर्वेषाम्	सर्वेषाम्
103	count.variant	2		कस्तूर्याः कति प्रकाराः उक्ताः?		३
105	synonym	2	11	भद्रश्री कस्य पर्यायः अस्ति?	हरिद्रायाः / एलायाः / चन्दनस्य / कुङ्कुमस्य	चन्दनस्य
106	variant	2		कालीयकं कीदृशं चन्दनम् अस्ति?		पीतम्
107	synonym	2		पट्टरञ्जकः कस्य पर्यायः अस्ति?		पतङ्गस्य
108	variant,comparison	2	20	किं चन्दनं श्रेष्ठं भवति?		मलयगिरि
109	synonym	2	21	अगुरूः कस्य पर्यायः अस्ति?	प्रवरस्य / राजार्हस्य / कृमिजग्धस्य / सर्वेषाम्	सर्वेषााम्
110	variant,property,comparison	2	21	कस्य वर्णस्य अगुरूः श्रेष्ठः अस्ति?	श्वेतः / रक्तः / कृष्णः / पीतः	श्वेतः
111	synonym	2	24	इन्द्रदारूः कस्य पर्यायः अस्ति?	देवदारूः / दारूहरिद्रा / रोहितकः / मञ्जिष्ठा	देवदारूः
112	synonym.negation	2	24	देवदारू एतेषु कस्य पर्यायः न अस्ति?	मस्तदारूः / दारूभद्रः / दारूः / सुरभि दारूः	सुरभि दारूः
115	synonym.negation	2	32	गुग्गुलुः कस्य पर्यायः न अस्ति?	जटायोः / महिषाक्षस्य / पलन्कषस्य / कृमिजग्धस्य	कृमिजग्धस्य
116	consumption.companion	2	45	गुग्गुलुसेवनेन सह किम् अहितकरं नास्ति?	दुग्धम् / मद्यं / अम्लपदार्थः / मैथुनम्	दुग्धम्
120	synonym	2	58	लवङ्गः निम्नलिखितेषु कस्य पर्यायः अस्ति?	देवकुसुमस्य / श्रीप्रसूनकस्य / श्रीसंज्ञस्य / श्रीफलस्य	श्रीफलस्य
121	synonym	2	60	एला निम्नलिखितेषु कस्य पर्यायः अस्ति?	बृहदेलायाः / भद्वैलायाः / स्थूलैलायाः / सर्वासाम्	सर्वासाम्
122	synonym.negation	2		एला निम्नलिखितेषु कस्य पर्यायः नास्ति?	बहुलायाः / पृथ्विकायाः / भद्रश्रियः / निष्कुट्याः	भद्रश्रियः
123	synonym.negation	2	63	सूक्ष्म-एला निम्नलिखितेषु कस्य पर्यायः नास्ति?	उपकुन्चिकायाः / तुत्थायाः / द्राविड्यः / पृथ्वीकायाः	पृथ्वीकायाः
124	synonym	2	67	दारूसिता निम्नलिखितेषु कस्य पर्यायः?	देवदारु / त्वक् / दारूहरिद्रा / तेजपत्र	त्वक्
125	synonym.negation	2	69	नागकेशरः निम्नलिखितेषु कस्य पर्यायः नास्ति?	चाम्पेयस्य / नागपुष्पस्य / नागफलस्य / काञ्चनाह्वयस्य	नागफलस्य
127	comparison,location	2	75	क्व उत्पन्नः केशरः उत्तमः मन्यते?		काश्मीरे
128	synonym	2	79	गोरोचनः निम्नलिखितेषु कस्य पर्यायः अस्ति?	वन्द्यायाः / काश्मीरस्य / वाहीकस्य / चाम्पेयस्य	वन्द्यायाः
130	synonym	2	89	जटामांसी निम्नेषु कस्य पर्यायः अस्ति?	भूतजटायाः / तपस्विन्याः / पारसीकस्य / सर्वेषाम्	सर्वेषाम्
131	synonym	2	93	गुन्द्रा निम्नेषु कस्य पर्यायः अस्ति?	गुजायाः / मुस्तायाः / गोरोचनायाः / कुङ्कुमस्य	मुस्तायाः
132	synonym	2	95	कर्पूरः निम्नेषु कस्य पर्यायः अस्ति?	वेधमुख्यस्य / द्राविडस्य / कल्पकस्य / सर्वेषाम्	सर्वेषाम्
133	synonym	2	99	षड्ग्रन्था निम्नेषु कस्य पर्यायः अस्ति?	शठ्याः / एलायाः / अतिविषायाः / रसोनस्य	शठ्याः
134	synonym.reverse	2	114	पत्राढ्यं धात्रीपत्रं च कस्य पर्यायौ स्तः?		तालीसपत्रस्य
135	origin	3	5	इन्द्रेण वानराणां प्रति कृतामृतवर्षायाः बिन्दवः पृथ्व्यां पतनतः कस्य द्रव्यस्य उत्पत्तिः मता अस्ति?	गुडूच्याः / लशुनस्य / आमलक्याः / शतावर्याः	गुडूच्याः
136	synonym	3	6	मधुपर्णी निम्नेषु कस्य पर्यायः अस्ति?	दालचिन्याः / अमृतायाः / एलायाः / तेजपत्रस्य	अमृतायाः
137	synonym.negation	3		गुडूची निम्नेषु कस्य पर्यायः नास्ति?	अमृतवल्लर्याः / छिन्नरुहायाः / सोमवल्ल्याः / कश्चिन्न	कश्चिन्न
138	synonym	3		गुडूची निम्नेषु कस्य पर्यायः अस्ति?	वत्सादन्याः / तन्त्रिकायाः / चक्रलक्षणिकायाः / सर्वेषाम्	सर्वेषाम्
139	meta.reference	3	12	ताम्बूलस्य वर्णनं भावप्रकाशे कस्मिन् वर्गे लभ्यते?	हरिद्रादौ / गुडूच्यादौ / रसोनादौ / सर्वत्र	गुडूच्यादौ
140	synonym	3	13	श्रीफलः कस्य पर्यायः अस्ति?	धत्तूरस्य / बिल्वस्य / भङ्गायाः / लवङ्गस्य	बिल्वस्य
141	synonym.negation	3		गम्भारी कस्य पर्यायः नास्ति?	सोमवल्ल्याः / मधुपर्णिकायाः / पीतरोहिण्याः / काश्मर्याः	सोमवल्ल्याः
142	synonym	3	24	गणिकारीका कस्य पर्यायः अस्ति?		अग्निमन्थस्य
143	meta.reference	3		बृहत्पञ्चमूलस्य वर्णनं भावप्रकाशस्य कस्मिन् प्रकरणे कृतम्?		गुडूच्यादिवर्गे
146	synonym.negation	3	38	गोक्षुरः कस्य पर्यायः नास्ति?	पलङ्कषायाः / श्वदंष्ट्रायाः / इक्षुगन्धिकायाः / दुःस्पर्शायाः	दुःस्पर्शायाः
147	meta.reference	3	41	दशमूलस्य वर्णनं भावप्रकाशे कुत्र अस्ति?		गुडूच्यादिवर्गे
151	property,varient	3		भावप्रकाशे शुक्लं रक्तं चेत्येतौ कस्य भेदौ उक्तौ?	एरण्डस्य / स्नुह्याः / अर्कस्य / १-२	एरण्डस्य / स्नुह्याः
153	source.about	3	74	"भक्षितं विषवन्मतम्" कस्य विषये उक्तम्?	अर्कस्य / स्नूह्याः / कलिहार्याः / करवीरस्य	करवीरस्य
154	synonym,part-of	3	86	मातुलपुत्रकः कस्य फलं कथ्यते?		धत्तूरस्य
155	synonym	3	93	हिङ्गुनिर्यासः कस्य पर्यायः अस्ति?		निम्बस्य
156	synonym	3		निम्बः एतेषु कस्य पर्यायः अस्ति?	पारिभद्रस्य / पिचुमर्दस्य / अरिष्टस्य / सर्वेषाम्	सर्वेषाम्
157	synonym.reverse	3		विषमुष्टिकः केशमुष्टिकः च कस्य पर्यायौ स्तः?		महानिम्बस्य
159	synonym	3	101	गण्डारिः एतेषु कस्य पर्यायः अस्ति?	काञ्चनारस्य / पारिभद्रस्य / गुग्गुलस्य / मधुयष्ट्याः	काञ्चनारस्य
160	count.variant	3		भावप्रकाशेन शिग्रोः कति भेदाः उक्ताः?		३
162	synonym	3	112	भावप्रकाशानुसारं विष्णुक्रान्ता एतेषु कस्य पर्यायः अस्ति?	शङ्खपुष्प्याः / अपराजितायाः / ब्राह्म्याः / गुडूच्याः	अपराजितायाः
163	synonym.negation	3	116	कुटजः एतेषु कस्य पर्यायः नास्ति?	गिरिमल्लिकायाः / कालिङ्गस्य / सिन्दुवारस्य / पाण्डुरद्रुमस्य	सिन्दुवारस्य
165	synonym.reverse	3	129	आत्मगुप्ता मर्कटी दुःस्पर्शा च कस्य पर्यायाः सन्ति?		कपिकच्छोः
166	source.about	3	131	"तत् बीजं वातशमनं स्मृतं वाजीकरणं परम्।" कस्य विषये उक्तम्? 		कपिकच्छोः
167	disease-treatment	3	140	मूषकसर्पयोः विषनाशकं द्रव्यं किम्?		अड्कोटः
169	effect.karma	3	157	पुत्रदाऽवश्यम् (अवश्यं पुत्रं ददाति) इति किं द्रव्यम् अस्ति?		लक्ष्मणा
170	comparison,property	3	157	लक्ष्मणायाः गन्धः केन समम् अस्ति?		बस्तगन्धेन
173	comparison,property,variant	3	196	कः त्रिवृत् हीनगुणवत् अस्ति? 		कृष्णः
174	synonym	3	210	प्लीहशत्रुः निम्नलिखितेषु कस्य पर्यायः अस्ति?	रोहितकस्य / शरपुंखायाः / पुनर्नवायाः / गिलोयस्य	शरपुंखायाः
175	synonym	2	219	अधःशल्यः निम्नलिखितेषु कस्य पर्यायः अस्ति?	त्रिवृतः / गोक्षुरस्य / अपामार्गस्य / अमलतासस्य	अपामार्गस्य
176	synonym	2	239	केशरञ्जनः निम्नलिखितेषु कस्य पर्यायः अस्ति?	अरिष्टकस्य / सातलायाः / भृङगराजस्य/ मञ्जिष्ठायाः	भृङगराजस्य
177	synonym	2	279,281	महौषधी निम्नलिखितेषु कस्य पर्यायः अस्ति?	श्रृंगवेरस्य / मण्डूकपर्ण्याः / गिलोयस्य / आमलक्याः	मण्डूकपर्ण्याः
178	meta.reference,meta.order	3	1	पुष्पवर्गे सर्वप्रथमं कस्य द्रव्यस्य वर्णनं कृतम् अस्ति?	कमलस्य / गुलाबस्य / चमेल्याः / जूह्याः	कमलस्य
179	synonym	3	62	तुलसी निम्नलिखितेषु कस्य पर्यायः अस्ति?	बहुमञ्जर्याः / अपेतराक्षस्याः / भूतघ्न्याः / सर्वेषाम्	सर्वेषाम्
180	synonym	3	62	देवदुन्दुभिः निम्नलिखितेषु कस्य पर्यायः अस्ति?	धतूरस्य / कर्पूरस्य / तुलस्याः / पीपलस्य	तुलस्याः
184	synonym	3	38	गर्भपातनः निम्नलिखितेषु कस्य पर्यायः अस्ति?	अरिष्टकस्य / लाङ्गल्याः / टङ्कणस्य / उलट्कालिकस्य	अरिष्टकस्य
186	part-of	3	56	मोचरसः निम्नेषु कस्य निर्यासः अस्ति?	शाल्मल्याः / श्ल्लक्याः / गुञ्जुलस्य / शिग्रोः	शाल्मल्याः
187	synonym,match-options			सुमेलयतु i. स्थूलवल्कलम्       1. सप्तपर्णम्  ii. बहुलवल्कलम्      2. भूर्जपत्रम्  iii. विशालत्वक्      3. कट्फलः  iv. सोमवल्कलम्        4. लोध्रम्	i-1, ii-2, iii-3, iv-4 / i-2, ii-1, iii-3, iv-4 / i-4, ii-2, iii-1, iv-3	i-4, ii-2, iii-1, iv-3
188	property,match-options	6		सुमेलयतु - i. आमाम्रफलम्      1. वातहरम् श्लेष्मशुक्रवर्धनम् ii. शुष्कामाम्र फल    2. वातहरम् पित्तप्रकोपनम्  iii. पक्वाम्रफलम्       3. वातपित्तकृत्  iv. वृक्षपक्वाम्रफलम्  4. कफवातजित्	i-3, ii-1, iii-4, iv-2 / i-1, ii-2, iii-3, iv-4 / i-1, ii-3, iii-4, iv-2 / i-3, ii-4, iii-1, iv-2	i-3, ii-4, iii-1, iv-2
190	part-of	6	15	आम्रावर्तः कस्मात् भागात् भवति?	आम्ररसात् / आम्रत्वचः / आम्रफलात् / आम्रपुष्पात्	आम्ररसात्
192	synonym	6	35	अशुमतीफलं निम्नेषु कस्य पर्यायः अस्ति?	कदल्याः / आम्रस्य / नारिकेलस्य / कालिन्दसस्य	कदल्याः
193	synonym	6		सुमेलयतु - i. कण्टकारीफलम्           1. कदलीफलम्  ii. अंशुमतीफलम्       2. त्रपुसः  iii. अतिबृहत् फलम्    3. नारिकेलः iv. स्कन्धफलम्         4. कट्फलः	i-2, ii-1, iii-4, iv-3 / i-1, ii-2, iii-3, iv-4 / i-1, ii-3, iii-4, iv-2 / i-3, ii-4, iii-2, iv-1	i-2, ii-1, iii-4, iv-3
194	synonym	6	44	दशाङ्गुलं निम्नेषु कस्य पर्यायः अस्ति?	कदलीफलस्य / पनसस्य / कालिन्दसस्य / खर्बूजस्य	खर्बूजस्य
195	comparison,property	6	60	किं फलं शुष्कम् एव श्रेष्ठम् अस्ति?	द्राक्षायाः / बिल्वस्य / हरितक्याः / सर्वेषाम्	सर्वेषाम्
196	synonym.reverse	6	61	पुष्पफलं तथा दधिफलं कस्य पर्यायौ स्तः?		कपित्थफलस्य
201	property	6	113	द्राक्षायाः आकारः कः अस्ति?	गोमुखसमः / गोस्तनसमः / गोखुरसदृशः  / गवां वर्णेन समानम्	गोस्तनसमः
202	synonym	6	115,120	खर्जूरः अधस्तनेषु कस्य पर्यायः अस्ति?	स्वल्पखर्जूरस्य / पिण्डखर्जूरस्य / स्रोतःखर्जूरस्य / सर्वेषाम्	सर्वेषाम्
203	synonym	6	121,122	सुलेमानी कस्य पर्यायः अस्ति?		पिण्डखर्जूरस्य
204	synonym	6	123	नेत्रोपमफलं कस्य पर्यायः अस्ति?		वातदस्य
205	synonym.reverse	6	125	मुष्टिप्रमाणं बदरं च कस्य फलस्य नामनी इति? 		सेवस्य
209	comparison,property,variant	6	60	किं फलं शुष्कम् अधिकगुणकरम् अस्ति?	बिल्वः / द्राक्षाः / हरीतकी / सर्वे	सर्वे
210	synonym.reverse	6	61	कपिप्रियः, दधिफलम्, दन्तराठः च कस्य पर्यायाः सन्ति?		कपित्थस्य
211	synonym.reverse	6	63	त्वक्सुगन्धः मुखप्रियश्च कस्य पर्यायौ स्तः?		नारङ्गिकायाः
212	count.variant	6	101	भावप्रकाशः स्वादानुसारं दाडिमस्य फलानि  कतिविधानि उक्तवान्?		३
213	synonym	6	108	पयःप्रसादी अधस्तनेषु कस्य पर्यायः अस्ति?	द्राक्षायाः / परूषकस्य / कतकस्य/ शहतूतस्य	कतकस्य
215	ingredient	6	150	पञ्चाम्ले चतुराम्लादतिरिक्तं किं द्रव्यं भवति?		बीजपूरः 
216	count.type	7	1	भावप्रकाशे कति धातवः उक्ताः?		७
217	origin	7	3	अग्निदेवस्य वीर्यात् कः धातुः उत्पन्नः?		स्वर्णम्
218	method.metal	7	4	कृत्रिमस्वर्णस्य उत्पत्तिः कस्मात् द्रव्यात् भवति?	हिङ्गुलात् / पारदस्य वेधनात् / शिलाजतोः / स्वर्णमाक्षिकात्	पारदस्य वेधनात्
221	origin	7	22	ताम्रस्य उत्पत्तिः कथं भवति?		कार्तिकेयस्य वीर्येण
222	count.property	7	28	ताम्रस्य अनुत्कृष्टभस्मनः कति दोषाः भवन्ति?		८
223	count.variant	7	29	रङ्गस्य कति भेदाः भावप्रकाशे उक्ताः?		२
224	synonym	7	23	रविप्रियः कस्य धातोः पर्यायः अस्ति? 		ताम्रस्य
225	origin,match-options	7		केभ्यः देवतेभ्यः का धातुः उत्पद्यते सुमेलितं कुरुत -  i. शिवः 1. सुवर्णम्  ii. कार्तिकेयः 2. रजतम्  iii. वासुकिः 3. ताम्रम्  iv. अग्निदेवः 4. नागः	i-2, ii-3, iii-4, iv-1 / i-2, ii-3, iii-4, iv-1 / i-1, ii-3, iii-4, iv-2 / i-3, ii-4, iii-2, iv-1	i-2, ii-3, iii-4, iv-1
226	count.property	7	40	लौहधातोः कति दोषाः उक्ताः?		७
227	consumption.companion.negation	7	45	लौहसेवनसमये त्याज्यः पदार्थः कः?	कूष्माण्डम् / तिलतैलम् / मद्य / सर्वे	सर्वे
228	count.type	7	53	भावप्रकाशे कति उपधातवः उक्ताः सन्ति?		७
229	synonym.reverse	7	66	वितुन्नकः, शिखिग्रीवः, मयूरकः च कस्य पर्यायाः सन्ति?		तुत्थस्य
233	type	7		सिन्दूरः अधोलिखितेषु कस्य उपधातुः अस्ति?	यशदस्य / नागस्य / ताम्रस्य / ताम्रस्य	नागस्य
234	count.variant	7	79	शिलाजितोः कति भेदाः सन्ति?		४
239	comparison	7	85	कः शिलाजितु सर्वश्रेष्ठा भवति?		लौह
241	property,variant,karma	7	81	कस्य वर्णस्य पारदः रसायनकर्मणि श्रेष्ठः भवति?		रक्तः
244	count.property	7	96	पारदस्य स्वाभाविकदोषाः कति?		७
249	variant.negation	7	104	अधोलिखितेषु कः हिङ्गुलस्य भेदः न अस्ति?	चर्मारः / म्लेच्छः / शुक्रतुण्डः / हंसपादः	म्लेच्छः
251	synonym.reverse	7	109	गन्धकः अधोलिखितेषु कस्य पर्यायः अस्ति?	गन्धकपाषाणस्य / बलिनः / बलरसस्य / सर्वेषाम्	सर्वेषाम्
253	variant,method.metal	7	110	कः गन्धकः स्वर्णनिर्माणे उपयुज्यते?		रक्तवर्णः
257	true-false	7	111	अधोलिखितेषु किं तथ्यं  गन्धकसन्दर्भे अयोग्यम् अस्ति?	कफवातहर / रसायनः / मधुरविपाकः / उष्णवीर्यः	मधुरविपाकः
258	variant,property	7	112	अधोलिखितेषु कः अशुद्धगन्धकस्य दोषो नास्ति?	ओजनाशकः / कुष्ठः / आमवातः / विषमज्वरः	आमवातः 
259	synonym	7	115	अभ्रकम् अधोलिखितेषु कस्य पर्यायः अस्ति?	गगनस्य / वज्रस्य / उभयस्य / न कस्यापि	उभयस्य
260	match-options,purpose	7	117	सुमेलयत  i. श्वेतम् अभ्रकम्       1. रसायनकर्म  ii. रक्तम् अभ्रकम्     2. रजतनिर्माणहेतु  iii. पीतम् अभ्रकम्    3. सुवर्णनिर्माणहेतु  iv. कृष्णम् अभ्रकम्   4. रोगनाशनहेतु	i-2, ii-1, iii-4, iv-3 / i-2, ii-1, iii-3, iv-4 / i-1, ii-3, iii-4, iv-2 / i-3, ii-4, iii-2, iv-1	i-2, ii-1, iii-3, iv-4
261	disease-treatment	7	119	पिनाक-अभ्रकसेवनात् कः रोगः जायते?	मधुमेहः/ महाकुष्ठः / गांठिकाः / मृत्युः	महाकुष्ठः
269	synonym	7	141	स्फटिका अधोलिखितेषु कस्य पर्यायः अस्ति?	श्वेतायाः / शुभ्रायाः / दृढरङ्गायाः / सर्वेषाम्	सर्वेषाम्
270	synonym	7	143	राजावर्तः अधोलिखितेषु कस्य पर्यायः नास्ति?	नृपावर्तस्य / दृढरङ्गायाः / रेवट्याः / आवर्तमणिसंज्ञकस्य	दृढरङ्गायाः
271	synonym	7	151	तुत्थकम् अधोलिखितेषु कस्य पर्यायः अस्ति?	खर्परस्य / खटिकायाः / वालुकायाः / गैरिकस्य	खर्परस्य
273	synonym	7	155	सौराष्ट्री अधोलिखितेषु कस्य पर्यायः?	मृत्तालकस्य / आढक्याः / मृत्स्नायाः / सर्वेषाम्	सर्वेषाम्
274	synonym	7	156	क्षेत्रजा अधोलिखितेषु कस्य पर्यायः?	कर्दमस्य / शङ्खस्य / बोलस्य / कृष्णमृत्तिकायाः	कृष्णमृत्तिकायाः
280	property,purpose	7	171	कस्य वर्णस्य हीरकः रसायनार्थम् उपयुक्तः भवति?	ब्राह्मणवर्णस्य / क्षत्रियवर्णस्य / वैश्यवर्णस्य/ शूद्रवर्णस्य	ब्राह्मणवर्णस्य
287	time	8	3	शालिधान्यस्य उत्पत्तिः कस्मिन् ऋतौ भवति?		हेमन्ते
288	time	8	19	ब्रीहिधान्यानि कस्मिन् ऋतौ उत्पद्यन्ते?		वर्षासु
295	synonym	8	36	सूप्यं वैदलं च कस्य पर्यायौ स्तः?		शिम्बीधान्यस्य
302	synonym	8	71	अधस्तनेषु क्षुज्जनिका कस्य पर्यायः अस्ति?	सर्षपस्य / राजिकायाः / कंगोः / चणकस्य	राजिकायाः
303	time	8	90	भावप्रकाशानुसारं कति वर्षाणां पुरातनानि धान्यानि पुराणानि इति उच्यन्ते?	>१ वर्ष / >२ वर्ष / ५ वर्ष / १० वर्ष	>२ वर्ष
304	count.type	9	1	शाकस्य कति भेदाः भवन्ति?		६
305	order,property	9	1	निम्नलिखितान् उत्तरोत्तरं गुरूत्वस्य क्रमेण व्यवस्थापयत। नालं, पत्रं, पुष्पं, फलं, कन्दं, संस्वेदज?	पत्रं, पुष्पं, फलं, सस्वेदजं, कन्दं, नाल / पुष्पं, फलं, सस्वेदजं, नालं, कन्दं, पत्रं / पत्रं, पुष्पं, फलं, नालं, कन्दं, सस्वेदजं / पत्रं, पुष्पं, नालं, फलं, सस्वेदजं, कन्दं	पत्रं, पुष्पं, फलं, नालं, कन्दं, संस्वेदजं
306	variant,effect.karma	9	19	किं शाकं दुग्धवर्धकं शुक्रजनकं च भवति?		कलम्बी
307	synonym	9	23	अश्मन्तकः कस्य पर्यायः भवति?		चुक्रिकायाः
308	effect.karma	9	41	अधोलिखितेषु किं शाकं सर्वज्वरहर्ता अस्ति?	पटोलपत्रम् / गुडूची / कासमर्दः / गोजिह्वा	गुडूची
309	property	9	47	भावप्रकाशस्य अनुसारं निन्दनीयं शाकं किम् अस्ति?		सर्षपः
311	meta.reference	9	69	भावप्रकाशे सर्षपस्य वर्णनं कस्मिन् वर्गे कृतम् अस्ति?	शूकधान्याम् / शिम्बीधान्याम् / शालिधान्याम् / शाकवर्गे	शिम्बीधान्याम्
314	count.variant	9	95	आलुकस्य कति भेदाः सन्ति?		५
315	consumption.suitability,variant	9	118	किं शाकम् अपक्वं शुष्कं च उभयथापि ग्रहीतुं निषेधः न अस्ति?		मूलकः
316		9	117	शाकस्य संदर्भे का व्याख्या निषिद्धा अस्ति?	व्याधितम् / अऋतुजम् / सशुष्कम् / सर्वे	सर्वे
317	synonym		1	मांसं निम्नेषु कस्य पर्यायः न अस्ति?	क्रव्यस्य / आमिषस्य / पललस्य / सर्वेषाम्	सर्वेषाम्
322	disease-treatment		17	निम्नेषु कस्य मांसं नेत्रगुदविकारेषु नित्यं हितकरं भवति?	गुहाशयस्य / बिलेशयस्य / पर्णमृगस्य / प्रतुदस्य	गुहाशयस्य
323			21	के पक्षिणः विकीर्य भक्षयन्ति?	प्रतुदः / विष्किरः / प्रसहः / विलेशयः	विष्किरः
325	synonym.negation		31	अधोलिखितेषु कः प्लवपक्षी अस्ति?	सारसः / उलूकः / पारावतः / लावः	सारसः
326			51	केषां पक्षिणां मांसम् अत्युत्तमं स्यात्?	जले निवसतां पक्षिणां / धान्यस्य अङ्कुरान् चरतां पक्षिणां / विस्किर- पक्षिणाम् / विलेशय-पक्षिणां	धान्यस्य अङ्कुरान् चरतां पक्षिणां
327	count.variant			विष्किरवर्गस्य पक्षिणां कति भेदाः सन्ति?		४
328	true-false			अधोलिखितेषु किं वाक्यं मिथ्या अस्ति?	पक्षिषु स्त्रीजातिमांसं श्रेष्ठं वर्तते। / चतुष्पदेषु स्त्रीजातिजीवानां मांसं श्रेष्ठं वर्तते। / पुरुषसंज्ञकस्य शरीरस्य अधोभागस्य मांसं लघु भवति। / सर्वं मिथ्या अस्ति।	पक्षिषु स्त्रीजातिमांसं श्रेष्ठं वर्तते।
330	synonym		1	अधोलिखितेषु जलस्य पर्यायः कः?	अमृतम् / घनरसः / अर्ण / सर्वे	सर्वे
332	synonym.negation		4	अधोलिखितेषु कः जलस्य भेदः नास्ति?	धाराजम् / वारि / करकाभवम् / तौषारम्	वारि
334			19	आकाशे वायुना अग्निना च घनं भूत्वा कीदृशं जलं शिलाखण्डरूपेण पतति?		कारकम्
336			68	भौमं जलं कस्मिन् समये गृह्यमाणम् उत्तमफलदं भवति?		प्रातः काले
338			71	शीतलजलस्य पानं कस्मिन् रोगे निषिद्धम् अस्ति?	दाहे / मूर्च्छायाम् / गलग्रहे / तमकश्वासे	गलग्रहे
341	source.completion		74	"जीवनं जीविनां जीवौ जगत् सर्वन्तु तन्मयम्" इत्येतत् कस्मिन् सन्दर्भे लिखितम् अस्ति?	रक्तसन्दर्भे / जलसन्दर्भे / प्राणसन्दर्भे / नेत्रसन्दर्भे	जलसन्दर्भे
342			86	पीतस्य साधारणजलस्य पाकः कतिदिनेषु भवति?	प्रहरे / १ प्रहरे / २ प्रहरे / ३ प्रहरे	१ प्रहरे
344	variant		18	निम्नेषु कस्य दुग्धं अश्मरीनाशकं भवति?	आविकस्य / घोटक्याः / औष्ट्रस्य / हस्तिन्याः	आविकस्य
345	variant		23	नस्यं आश्च्योतनं च कर्मभ्यां किम् दुग्धं प्रयुज्यते?		स्त्री
347	variant		25	निम्नेषु कस्य दुग्धं धाराशीतं उत्तमं भवति?		माहिषस्य
348			30	यद् दुग्धं विनाऽपक्त्वैव विपक्वं जायते तत् किम्?	पीयूषः / किलाटः / क्षीरशाकः / मोरट्	क्षीरशाकः
349			32	यद् दुग्धं दध्नः संयोजनेन खण्डितम् तथा तस्मात् अंशभूतं घनभागं निष्कास्य यद् द्रववस्तु शिष्टं भवति तत् किम्?		मोरट
351			42	रात्रौ दुग्धं कुतः पातव्यम्?	पथ्यम् / दोषशामकम् / नेत्रहितकरम् / सर्वे सम्यक्	सर्वे सम्यक्
354			18	कस्मिन् ऋतौ दध्नः सेवनं निषिद्धम्?		शरदि
355			20	दध्नः उपरि स्नेहयुक्तः भागः कः?	मस्तु / पीयूषः / तक्रम् / सरः	सरः
358			17	कस्मिन् ऋतौ अवस्थायां वा तक्रस्य सेवनं निषिद्धम्?	ग्रीष्मे / दाहे / रक्तपित्ते / सर्वे	सर्वे
359	variant		4	चक्षुष्यं नवनीतं किम्?		दुग्धोत्थं नवनीतं
360			16	पुरातनं घृतं किम् उच्यते?	एकवर्षप्राचीनं / द्विवर्षप्राचीनं / दशवर्षप्राचीनं / शतवर्षप्राचीनं	एकवर्षप्राचीनं
366	variant		4	विशेषेण चक्षुष्यं घृतं किम्?		गव्यम्
367	count.variant, meta.reference		7	भावप्रकाशे मूत्रवर्गे कति प्रकारकाणां सूत्राणां वर्णनं कृतम्?	२ / ३ / ५ / ७	२
368	variant.negation		7	भावप्रकाशे मूत्रवर्गे कस्य मूत्रस्य वर्णनं न कृतम्?	गोमूत्रम् / मनुष्यमूत्रम् / उभयोः / आविकमूत्रम्	आविकमूत्रम्
370			11	अधोलिखितेषु किं तैलं बृंहणं लेखनं च करोति?	सर्षपतैलम् / तिलतैलम् / राजिकातैलम् / अतसीतैलम्	तिलतैलम्
372	property		19	अधोलिखितेषु कः वास्तविकस्य तैलस्य गुणः अस्ति?	बल्यः / चक्षुष्यः / बस्तिकर्म / सर्वे	सर्वे
376	synonym		1	मधु अधोलिखितेषु कस्य पर्यायः अस्ति?	वरट्याः / भृंगवान्तस्य/ पुष्परसोद्भवस्य / सर्वेषाम्	सर्वेषाम्
387		2	8	हिमं कर्तुं द्रव्यस्य मात्रा कियती आवश्यकी?	२ पल / ४ पल / ६ पल / ८ पल	६ पल
388		2	9	मन्थे द्रव्यस्य मात्रा कियती सम्यक् अस्ति?	२ पल / ४ पल / ६ पल / ८ पल	४ पल
397	count.variant	2	62	स्नेहपरिपाकस्य कति प्रकाराः भवन्ति?	२ / ३ / ४ / ६	३
401		2	69	अरिष्टनिर्माणविधौ यदि द्रवपदार्थस्य मापनं न प्रोक्तं भवेत् तर्हि कियत् स्वीकर्तव्यम्?	1 द्रोणः / 1 तुला / अर्ध तुला / 8 पलानि	1 द्रोणः
405	count.property	3	43	मारणार्हे रजते कति गुणाः भवेयुः?	५ / ७ / ९ / १२	९
411		4	7	महती स्नेहमात्रा का?	१ दिनं रात्रौ च पचेते / १ दिवसः पच्यते / अर्धदिने पच्यते / चतस्रः घण्टाः पच्यते	१ दिनं रात्रौ च पचेते
412	count	4	8	स्नेहस्य का मात्रा या अग्निदीपिका वीर्यवर्धिका च?	कनिष्ठा / मध्यमा / ज्येष्ठा / कोई न	कनिष्ठा
417		5	36	विरेचनाय उत्तमाः ऋतवः के?	शिशिरः वसन्तः च / वसन्तः शारदः च / हेमन्तः वर्षा च / हेमन्तः शिशिरः च	वसन्तः शारदः च
420		5		षड् वर्षपर्यन्तम् बस्तिनेत्रस्य मानं कियत् स्यात्	६ अङ्गुलाः / ८ अङ्गुलाः / १० अङ्गुलाः / १२ अङ्गुलाः	८ अङ्गुलाः
422	count.variant	5	199	रेचननस्यस्य कति भेदाः?	२ / ३ / ४ / ५	२
423		5	197	नस्यकर्मणि तीक्ष्णस्य औषधस्य मापः कः?	१/२ शाणः / १ शाणः / १ १/२ शाणः / २ शाणः	१ शाणः
424	count.variant	5	211	स्नेहनस्यस्य कति भेदाः?	२ / ३ / ४ / नास्ति	२
427		5	228	प्रतिमर्शनस्यस्य कालः कतिवारम्?	१० / १२ / १४ / २०	१४
428	count.variant	6	1	धूम्रपानस्य प्रकाराः कति?	४ / ६ / ७ / ८	६
431	count.variant	6	29	गण्डूषस्य किति प्रकाराः?	२ / ३ / ४ / ५	४
434	count.variant	6	40	स्वेदस्य प्रकाराः कति?	४ / १० / १३ / १४	४
435	count.variant	6	78	मूर्द्धतैलस्य प्रकाराः कति?	२ / ३ / ४ / ५	४
436	count.variant	6	92	लेपस्य प्रकाराः कति?	२ / ३ / ४ / न अस्ति	३
437	count.variant, meta.reference	6	152	भावप्रकाशेन नेत्रचिकित्सायाः कति प्रकाराः उक्ताः?	३ / ५ / ७ / ९	७
438		6	143	सिक्तक्षालनाय नेत्रधारयोः सम्यक् दूरत्वं कियत्?	२ अङ्गुलः / ४ अङ्गुलः / ६ अङ्गुलः / ३ अङ्गुलः	४ अङ्गुलः
440	count.variant	6	199	अञ्जनस्य भेदाः कति?	२ / ३ / ४ / ५	३
442	count.variant, meta.reference	6	237	भावप्रकाशस्य अनुसारं भेषजभक्षणसमयाः कति उक्ताः?	३ / ५ / ७ / ११	५
3	synonym	1	7	हरीतक्याः पर्यायः कः ? 	कायस्था / हेमवती / शिवा / सर्वे	सर्वे
8	consumption.suitability	1	35	हरीतक्याः सेवनाय अयोग्याः के?	बलवर्जिताः / कृशः / विमुक्तरक्तः / सर्वे	सर्वे
21	synonym	1	66	निम्नलिखितेषु पर्यायेषु चतुरूषणस्य घटकः कः ? 	चव्यः / चित्रकः / पिप्पलीमूलः / बिभीतकः	पिप्पलीमूल
22	synonym	1	68	अधोलिखितेषु कः गजपिप्पल्याः पर्यायः अस्ति? 	कपिवल्ली / कोलवल्ली / श्रेयसी / सर्वे	सर्वे
23	synonym	1		ऊषणः कस्य पर्यायः अस्ति? 	चित्रकस्य / मरिचः / शुण्ठ्याः	चित्रकस्य / मरिचः
24	synonym.negation	1	72	निम्नेषु कः पञ्चकोलस्य घटकः नास्ति? 	शुण्ठी / मरिचः / पिप्पली / पिप्पलीमूलः	मरिच
25	meta.reference			निम्नेषु कः द्रव्यः हरीतक्यादि वर्गे वर्णितः ? 	त्रिफला / त्रिकटुः / पञ्चकोलः / सर्वे	सर्वे
26	synonym	1	75	अधोलिखितेषु यवान्याः पर्यायः कः?	उग्रगन्धा / ब्रह्मदर्भा / अजमोदिका / सर्वे 	सर्वे
28	synonym.negation, variant.negation	1	81	निम्नेषु कः जीरकस्य भेदः न अस्ति? 	शुक्लजीरकः / उद्गारशोधनः / कालाजाजी / यवानी	यवानी
34	synonym	1	103	उग्रगन्धा इति कस्य पर्यायः अस्ति?	वचायाः / पलाण्डोः / यवान्याः	वचायाः / पलाण्डोः
35	synonym	1	102	निम्नेषु कः वचायाः पर्यायः ? 	षड्ग्रन्था / शतपर्विका / क्षुद्रपत्री / सर्वे	सर्वे
47	meta.reference	1	162	भावप्रकाशे कस्मिन् वर्गे रास्ना वर्णिता अस्ति? 		हरीतक्यादि
78		1	224	रसोनं सेवमाने किं हितकरं भवति?	दुग्धम् / गुडः / मांसम् / व्यायामः	मांसम्
79		1	225	रसोनसेवनेन सह किम् अहितकरम्?	मद्यम् / अम्लरसः / मांसम् / गुडः	गुडः
80		1	225	रसोनतुल्यगुणः किः द्रव्यम्?		पलाण्डु 
89		1	239	खाखसतिलस्य उपयुक्ताङ्गं किम्?		खसफलम्
92	synonym	1	242	शाकम्भरीयः इति कस्य पर्यायः?		रोमक-लवणः
93	synonym	1	244	लवणोदधिसम्भवः इति कस्य पर्यायः?		सामुद्रलवणः
99	synonym.negation	1	259	अधोलिखितेषु कः क्षाराष्टकस्य घटकः न अस्ति ?	यवक्षारः / अपामार्गक्षारः / टङ्कणः / पलाशक्षारः	टङ्कणः
100	meta.reference	2	1	निम्नेषु कः हरीतक्यादिवर्गे नास्ति? 	लवणः / क्षारः / कर्पूरः / रसोनः	कर्पूरः
104	variant	2	7	कस्तूर्याः कः भेदः श्रेष्ठः? 	कामरूपः / नेपाली / काश्मीरी / लताकस्तूरी	कामरूपः
113	synonym	2	26	सुरभिदारु कस्य पर्यायः?	देवदारुः / दारूहरिद्रा / अगुरुः / सरलः	सरलः
114	synonym	2	28	कालानुसार्यं कस्य पर्यायः?	तगरः / अगुरुः / देवदारुः / सरलः	तगरः
117	synonym	2	48	देवधूप इति कस्य पर्यायः?	गुग्गुलुः / रालः / अगुरुः / चन्दनम्	रालः
119		2	56	जातिपत्री इति का?	जातीफलस्य मूलम् / जातीफलस्य त्वक् / जातीफलस्य स्तम्भः / जातीफल पुष्पम्	जातीफलस्य त्वक्
126	synonym.negation	2	72	निम्नेषु कः त्रिजातस्य घटकः न? 	एला / नागकेशरः / त्वक् / पत्रकः	नागकेशरः
129	synonym	2	81	हट्टविलासिनी कस्य पर्यायः?	कुक्कुमम् / स्वल्पनखी / भङ्गा / धत्तूरः	स्वल्पनखी
144	synonym	3	38	बृहती इति कस्य पर्यायः?	वार्ताकी / कण्टकारी / द्वयोः / किमपि न	वार्ताकी / कण्टकारी / द्वयोः
145	synonym	3	31	अंशुमती कस्य पर्यायः?	शालपर्णी / शतावरी / काकोली / जीवन्ती	शालपर्णी 
148	synonym	3	50	शाकश्रेष्ठा इति कस्य पर्यायः?	जीवन्ती / वार्ताकी / चाङ्गेरी / पालङ्क्या	जीवन्ती
149	synonym	3	52	सूर्यपर्णी कस्य पर्यायः?	शालपर्णी / पृष्णिपर्णी / मुद्गपर्णी / माषपर्णी	मुद्गपर्णी
150	synonym.negation	3	57	भावप्रकाशे निम्नेषु द्रव्येषु किं द्रव्यं जीवनीयगणस्य घटकः न? 	माषपर्णी / मुद्गपर्णी / यष्टिमधु / कश्चन 	कश्चन 
152		3	65	सप्तविध-वृद्धिं किं द्रव्यं अपाकरोति?	एरण्डः / स्नुही / रास्ना / शाल्लकी	एरण्डः
158		3	99	किं द्रव्यं मूषकविषनाशकम् अस्ति? 	अर्कः / निम्बः / भल्लातकः / महानिम्बः	महानिम्बः
164	variant, meta.reference	3	120	करंजभेदः कः ? 	वल्ली-करञ्जः / कण्टक-करञ्जः / घृत-करञ्जः	कण्टक-करञ्जः / घृत-करञ्जः
168		3		बलाचतुष्टयस्य द्रव्याः के? 	बला + महाबला + अतिबला + नागबला / बरियारा + सहदेवी + ककहिया + गुलशकरी / बला + सहदेवी + महाबला + ऋष्यप्रोक्ता	(बला + महाबला + अतिबला + नागबला) / (बरियारा + सहदेवी + ककहिया + गुलशकरी)
171		3	166	दर्भद्वये के द्रव्ये स्तः?	कुश-काशः / नल-दर्भः / कुश-इक्षुः / कुश-क्षुरपत्रम्	कुश-क्षुरपत्रम्
172	synonym	3	180	स्वादुकन्दा इति कस्य पर्यायः?	वराहीकन्दः / विदारीकन्दः / सूरणकन्दः / मुशलीकन्दः	विदारीकन्दः
181	synonym.negation	3	15	क्षीरीवृक्षपञ्चके किं द्रव्यं न अस्ति ? 	शिरीषः / पारीषः / प्लक्षः / उदुम्बरः	शिरीषः
182		3	15	न्यग्रोधः उदुम्बरः पिप्पलम् पारीषः प्लक्षश्च सङ्कलितं किं कथ्यते?	पञ्चवल्कलम् / पञ्चक्षीरी / पञ्चमूलम्	पञ्चवल्कलम् / पञ्चक्षीरी
183		3	26	अर्जुनः कस्मिन् वर्गे वर्ण्यते?	आम्रादिवर्गे / वटादिवर्गे / हरीतक्यादिवर्गे / गुडूच्यादिवर्गे	वटादिवर्गे
185	synonym	3	49	क्षारश्रेष्ठः इति कस्य पर्यायः?	अपामार्गः / पलाशः / टङ्कणः / सर्जकः	पलाशः 
189		4	14	आम्रातियोगात् उत्पन्नानां दोषाणां निवारणचिकित्सा का?	शुण्ठी + जलम् / सौवर्चललवणम् + जीरकम् / मधुयष्टी + मधु + घृतम्	शुण्ठी + जलम् / सौवर्चललवणम् + जीरकम्
191		4	29	गुल्मिभिः मन्दवह्निभिः च विशेषेण किं वर्ज्यम्?	पनसः / आम्रः / लकुचः / कदली	पनसः
197	synonym	4		बहुलवल्कलः कस्य पर्यायः अस्ति?	प्रियालः / खदिरः / भूर्जपत्रम्	प्रियालः
198	meta.reference	4	90	"गर्भसंस्थापकं परम्" इति कस्य वर्णनम् अस्ति?	पद्माक्षः / अरिष्ठकः / लक्ष्मणा / पुत्रजीवकः	पद्माक्षः
199	synonym	4	92	जलफलः इति कस्य पर्यायः?	नारिकेलः / खर्बूजः / श्रृङ्गाटकः / कालिन्दः	श्रृङ्गाटकः
200	synonym	4	109	स्वादुफला इति कस्य पर्यायः?	द्राक्षा / आम्रः / कदली / कालिन्दः	द्राक्षा
206		4	127	निम्नलिखितेषु पर्यायेषु किं फलं मुद्गलानां देशे आधिक्येन प्राप्यते?	सेवम् / वातादः / अमृतफलम् / आम्रम्	अमृतफलम्
207		4	137	कृमिसमूहनाशकः इति कस्य वर्णनम्?	बीजपूरक / जम्बीरी निम्बूः / निम्बूकम् / मधुकर्कटी	निम्बूकम्
208	synonym	4	56	बिल्वकर्कटी इति कस्य पर्यायः?	बिल्वफलम् / बिल्वमज्जा / बिल्वपत्रम् / बिल्वमूलम्	बिल्वफलम्
214	synonym.negation, property	4	150	निम्नलिखितेषु पर्यायेषु चतुरम्ले किम् नास्ति?	अम्लवेतसः / बीजपूरकनिम्बूः / वृक्षाम्लः / जम्बीरनिम्बूः	बीजपूरकनिम्बूः
219			16	रजतस्य उत्पत्तिः कस्मात् भवति?	शिवस्य वीर्यतः / शिवस्य अश्रुभ्यः / पार्वत्याः अश्रुभ्यः / चन्द्रमसः	शिवस्य अश्रुभ्यः
220			17	कृत्रिमं रूप्यं कस्मात् उत्पद्यते?	पारदतः / स्वर्णतः / वङ्गादि एवं पारदतः / वङ्गादि एवं गन्धकतः	वङ्गादि एवं पारदतः
230			69	कांस्यस्य उत्पत्तिः कस्मात् भवति?	ताम्रात् / ताम्र + वङ्गात् / यशद + ताम्रात् / यशद + वङ्गात्	ताम्र + वङ्गात्
231	synonym		72	आरकूटम् इति कस्य पर्यायः?	स्वर्णमाक्षिकम् / कांस्यम् / खर्परम् / पित्तलम्	पित्तलम्
232			73	पित्तलस्य उत्पत्तिः कस्मात् भवति?	ताम्र-यशदात् / ताम्र-वङगात् / यशद-वङगात् / स्वर्ण-ताम्रात्	ताम्र-यशदात्
235			83	सौवर्णशिलाजतोः वर्णः कः भवति?	पाण्डुरः / मयूरकण्ठवर्णः / जपापुष्पवर्णः / जटायुपक्षाभः	जपापुष्पवर्णः
236			84	राजतशिलाजतोः वर्णः कः भवति?	कृष्णः / पाण्डुरः / रक्तः / जपापुष्पवर्णः	पाण्डुरः
237			84	ताम्रशिलाजतोः वर्णः कः भवति?	जपापुष्पसमानः / मयूरकण्ठसमः / कृष्णः / पाण्डुरः	मयूरकण्ठसमः
238			85	लौहशिलाजतोः वर्णः कः भवति?	कृष्णः / श्वेतः / जटायुपक्षाभम् / मयूरकण्ठसमः	जटायुपक्षाभम्
240	count.variant		88	पारदस्य कति भेदाः भवन्ति?		४
242			81	रुजायाः नाशाय उत्तमः पारदः कः?	श्वेतः / पीतः / रक्तः / कृष्णः	श्वेतः
243	synonym			पारदस्य पर्यायाः के?	रसधातुः / सूतः / महारसः / सर्वे	सर्वे
245			97	पारदस्य वङ्गदोषस्य कार्यं किम्?	मूर्च्छा / कुष्ठम् / जडता / वीर्यनाशः	कुष्ठम्
246	count		101	कति उपरसाः सन्ति?	१० / २० / ३० / ३६	२०
247	synonym.negation		102	अधोलिखितेषु हिङ्गुलः कस्य पर्यायः नास्ति?	दरदः / म्लेच्छः / चूर्णपारदः / चर्मारः	चर्मारः
248	count.variant		103	हिङ्गुलस्य कति भेदाः?	२ / ३ / ४ / ६	३
250			104	सर्वोत्तमः हिङ्गुलप्रकारः कः?	चर्मारः / शुक्रतुण्डकः / हंसपादः / दरदः	हंसपादः
252	count.variant		109	गन्धकस्य कति भेदाः?	२ / ३ / ४ / ६	४
254			110	व्रणादिषु लेपनाय योग्यः कः गन्धकः?	रक्तवर्णः / पीतः / कृष्णः / श्वेतः	श्वेतः
255			110	श्रेष्ठः गन्धकः कः?	रक्तवर्णः / कृष्णवर्णः / पीतवर्णः / श्वेतः	कृष्णवर्णः
256			110	सुदुर्लभः गन्धकः कः अस्ति?	श्वेतः / रक्तः / कृष्णः / पीतः	कृष्णः
262			123	कस्मिन् पर्वते उत्पन्नं अभ्रकं अत्यन्तं बहुसत्त्वम् भवति?	उत्तरशैले / पूर्वशैले / दक्षिणशैले / पश्चिमशैले	उत्तरशैले
263			123	स्वल्पसत्त्वम् अभ्रकं कस्मिन् पर्वते भवति?	उत्तरशैले / पूर्वशैले / दक्षिणशैले / पश्चिमशैले	दक्षिणशैले
264	count.variant		127	हरितालस्य कति भेदाः सन्ति?	२ / ३ / ४ / ६	२
266	synonym		132	मनःशिलायाः पर्यायाः के सन्ति?	नैपाली / कुनटी / गोला / सर्वे	सर्वे
267			134	अशुद्धायाः मनःशिलायाः कः दोषः भवति?	मूत्रकृच्छ्रः / मधुमेहः / कुष्ठः / अग्निमान्द्यम्	मूत्रकृच्छ्रः
268	count.variant		135	अञ्जनस्य कति भेदाः भवन्ति?	२ / ३ / ४ / ६	२
272	synonym		155	सुरमृत्तिका कस्य पर्यायः अस्ति?	कासीसम् / खर्परः / सौराष्ट्री / वालुका	सौराष्ट्री
275	synonym		157	निषद्वरः कस्य पर्यायः अस्ति?	कर्दमः / कृष्णमृत्तिका / बोलम् / कङ्कुष्ठः	कर्दमः
277	synonym		157	चुलुकः कस्य पर्यायः अस्ति?	वराटः / मलः / पलितः	मलः / पलितः
278	count.variant		161	कङ्कुष्ठस्य भेदाः कति?	२ / ३ / ४ / ६	२
279	synonym		170	हीरकः अधोलिखितेषु कस्य पर्यायः अस्ति?	चन्द्रः / मणिवरः / वज्रः / सर्वे	सर्वे
281	synonym		181	शोणरत्नं कस्य पर्यायः अस्ति?	हीरकः / माणिक्यम् / नीलमणिः / वैदूर्यम्	माणिक्यम्
282			180	अश्मगर्भः कस्य पर्यायः अस्ति?	हरिन्मणिः / नीलमणिः / वैदूर्यमणिः / पुष्परागः	हरिन्मणिः
283	synonym		184	केतुग्रहवल्लभः अधोलिखितेषु कस्य पर्यायः अस्ति?	इन्द्रनालः / पुष्परागः / माणिक्यम् / वैदूर्यम्	वैदूर्यम्
284	count		191	स्थावरविषाणि कति सन्ति?	५ / ७ / ९ / ११	९
285	count		200	उपविषाणि कति सन्ति?	५ / ७ / ९ / ११	७
286	count.variant		1	धान्यस्य  प्रकाराः कति सन्ति?	२ / ३ / ४ / ५	५
289			21	सर्वोत्तमम् व्रीहिधान्यम् किम्?	कुकटाण्डकः / शालामुखः / कृष्णव्रीहिः / जतुमुखः	कृष्णव्रीहिः
290			15	सर्वोत्तमः शालिधान्यम् किम्?	वापिता शालिः / रक्तशालिः / छिन्नरूढा शालिः / पुराणशालिः	रक्तशालिः
291			29	यवस्य विपाकः कः अस्ति?	मधुरः / अम्लः / कटुः / तिक्तः	कटुः
293	count.variant		31	गोधूमस्य प्रकाराः कति सन्ति?	२ / ३ / ४ / ५	३
294			35	शुक्रजनकः गोधूमप्रकारः कः अस्ति?	मधूली / दीर्घगोधूमः / महागोधूमः / सर्वे	मधूली
296			38	नेत्राभ्यां हितकरम् शिम्बीधान्यम् किम्?	मुद्गः / माषः / आढकी / राजमाषः	मुद्गः
297			49	निम्नलिखितेषु कृमिकारकम् शिम्बीधान्यम् किम्?	मुद्गः / वनमुद्गः / निष्पावः / मसूरः	वनमुद्गः
298	synonym		53	निम्नलिखितेषु कः चणकस्य पर्यायः?	हरिमन्थः / सकलप्रियः / चणकः / सर्वे	सर्वे
299	synonym.negation		57	निम्नलिखितेषु कः कलायस्य पर्यायः नास्ति?	वर्त्तुलः / सतीनः / हरेणुकः / हरिमन्थः	हरिमन्थः
300	count.variant		65	तिलस्य भेदाः कतयः भवन्ति?	२ / ३ / ४ / कोऽपि भेदः नास्ति	३
301	synonym		66	अतसी निम्नेषु कस्मै पर्यायः?	पार्वती / उमा / क्षुमा / सर्वे	सर्वे
310	property		71	निम्नलिखितेषु पर्यायेषु किं द्रव्यं सुखविरचकम् अस्ति?	पटोलपुष्पम् / पटोलनालः / पटोलपत्रम् / पटोलमूलम्	पटोलमूलम्
312			92	अर्शरोगिभ्यः विशेषेण पथ्यं शाकं किमस्ति?	सूरणः / डिण्डिशः / डोडिका / सर्वाणि	सूरणः
313			92	कन्दशाकेषु सर्वश्रेष्ठम् किम्?	नालः / कर्कोटी / सर्षपः / सूरणः	सूरणः
318	count.variant		3	जाङ्गलमांसस्य भेदाः कतयः?	२ / ४ / ६ / ८	८
319			3	अधोलिखितेषु पर्यायेषु पर्णमृगाणां विषये किं वाक्यं उचितम् अस्ति?	विकीर्य भक्षयन्ति / जङ्घायाः बलतः गच्छन्ति / वृक्षेषु आरोहन्ति / ग्रामे वसन्ति	वृक्षेषु आरोहन्ति
320	count.variant		7	आनूपमांसस्य कति प्रकाराः सन्ति?	२ / ३ / ४ / ५	५
321			14	शशकाः के इति कथ्यन्ते?	पर्णमृगाः / गुहाशयाः / बिलेशयाः / विष्किराः	बिलेशयाः
324			29	कः जीवः कूलेचरः इति  कथ्यते?	यः भ्रमित्वा खादति / यः जलाशयस्य कूले चरति / यः समूहसहितं खादति / यः जलाशये प्रविश्य चरति	यः जलाशयस्य कूले चरति
329			104	श्रेष्ठं मत्स्यमांसं किम्?	शिलोन्ध्रमांसम् / भाकुरमांसम् / रोहितमांसम् / श्रृङ्गीमांसम्	रोहितमांसम्
331	count.variant		4	जलस्य कति भेदाः सन्ति?	२ / ३ / ४ / ५	४
333	count.variant		9	धाराजलस्य कति भेदाः सन्ति?	२ / ३ / ४ / ५	२
335	count.variant		25	भौमजलस्य कति प्रकाराः भवन्ति?	२ / ३ / ४ / ५	३
337			69	जलपानस्य विधेः कः कालः उचितः?	भोजनात्पूर्वम् / भोजनमध्यम् / भोजनान्ते / मुहुर्मुहुः	मुहुर्मुहुः
339			70	कस्मिन् रोगे शीतलजलपानम् शस्यते?	विद्रधिः / मदात्ययः / पार्श्वशूलः / वद्धकोष्ठः	मदात्ययः
340			73	कस्मिन् रोगे अल्पजलपानम् शस्यते?	उदररोगः / मुखप्रसेकः / क्षयः / सर्वे	सर्वे
343			5	दुग्धपानम् कस्मिन् रोगे शस्यते?	जीर्णज्वरे / योनिरोगे / उदावर्ते / सर्वेषु	सर्वेषु
346	variant, property		21	किं दुग्धं कृमिकुष्ठनाशकम् अस्ति?	औष्ट्रदुग्धम् / घोटकीदुग्धम्  / आविकदुग्धम्  / स्त्रीदुग्धम् 	औष्ट्रदुग्धम्
350			36	सितायुक्तं दुग्धं किम् भवति?	वातनाशकः / शुक्रजनकः / कृच्छ्रनाशकः / कफकारकः	शुक्रजनकः
352	count.variant		3	दध्नः भेदाः कति?	२ / ३/ ४ / ५	५
353			12	किम् दधि उत्तमम् स्यात्?	माहिषम् / गव्यम् / आजम् / गालितम्	आजम्
357	synonym		1	अधोलिखितेषु पर्यायेषु तक्रस्य पर्यायाः के?	छोल / छच्छिका / श्वित / सर्वे	सर्वे
361			13	किं घृतं विषनाशकम् अस्ति?	नारी घृतः / आविकः / माक्षिषः / वडवा	वडवा
362			12	अमृतोपमं घृतं इति कस्य वर्णनं?	माहिष घृतम् / गव्य / स्त्री / औष्ट्र	स्त्री
363			9	किं घृतं कृमि-कुष्ठ-गुल्म-उदर-रोग-नाशकम्?	गव्य घृतम् / ह्यस्तन / आविक / औष्ट्र	औष्ट्र
364				कास-श्वास-क्षये हितकरं घृतं किम् अस्ति?	अज / आविक / गव्य / माहिष	अज
365			7	वीर्यवर्धकं घृतं किम्?	माहिष / अज / औष्ट्र / गव्य	माहिष
369			7	श्रेष्ठं तैलं किम्?	सर्षप / तिल / तुवरी / अतसी	तिल
371			12	किं घृतं हीनवीर्यम् इति कथ्यते?	<1 वर्ष प्राचीनस्य पक्वः / >1 वर्ष प्राचीनस्य पक्वः / 10 वर्ष प्राचीनं घृतम् / 100 वर्ष प्राचीनं घृतम्	>1 वर्ष प्राचीनस्य पक्वः
373			17	मद्यस्य पर्यायाः के?	कादम्बरी / हाला / वलवल्लभा / सर्वे	सर्वे
374			23	सुरायाः विषये किं विधानं योग्यम्?	पक्वा औषधं च जलं च साधितं मद्यम् / शालि च साठी च धान्यचूर्णात् निर्मिता मद्या / ईखात् निर्मिता मद्या / किञ्चित् अपि नैव	शालि च साठी च धान्यचूर्णात् निर्मिता मद्या
375			24	वारुण्याः विषये किं विधानं योग्यम्?	पुनर्नवा च शालि धान्यं च / शालि च साठी च धान्यम् / ईखात् निर्मिता / औषधात् निर्मिता	पुनर्नवा च शालि धान्यं च
377	count.variant		6	मधुनः कति भेदाः सन्ति?	२ / ४ / ६ / ८	८
378	synonym		29	मधूच्छिष्टस्य पर्यायाः के?	सिक्थकः / मदनकः / मधूषितः / सर्वे	सर्वे
379	synonym		1	इक्षोः पर्यायाः के?	दीर्घच्छदः / असिपत्रः / मधुतृणः / सर्वे	सर्वे
380	count.variant		4	इक्षोः कति भेदाः सन्ति?	३ / ७ / १० / १३	१३
381	synonym.negation		1	अधः लिखितेषु कः इक्षोः पर्यायः नास्ति?	मूरिरसः / गूढमूलः / काण्डेक्षुः / असिपत्रः	काण्डेक्षुः
382			28	गुडस्य शुण्ठ्या सह अनुपानं किं कार्यं करोति?	कफनाशकः / पित्तनाशकः / वातनाशकः / किमपि न	वातनाशकः
383		1	14	मागधमानानुसारं द्रोणस्य मात्रा का?	२ आढक / ३ आढक / ४ आढक / ६ आढक	४ आढक
384		1	25	कलिङ्गमानानुसारं ८ रत्ति मात्रा का?	१ शाणः / १ माषः / १ कोलः / १ कोलः	१ माषः
385	count.variant	2	1	कषायस्य प्रकाराः कति?	३ / ५ / ७ / ९	५
386		2	5	स्वरसस्य् मात्रा का?	अर्द्धपलः / 1 पलः / सार्धैक पलः / 2 पलः	अर्द्धपलः
389		2	10	फाण्टार्थे द्रव्यस्य मात्रा का?	4 पलः / 8 पलः / 1 कुडवः / 1 प्रस्थः	1 कुडवः
390		2	12	कल्कस्य मात्रा का?	1 कर्षः / 1 पलः / 2 कर्षः / 3 पलः	1 कर्षः
391		2	11	फाण्टस्य सम्यक् मात्रा का?	1 पलः / 2 पलः / 4 पलः / 6 पलः	2 पलः
392		2	9	मन्थस्य मात्रा का?	अर्ध पलः / 1 पलः / सार्धैक पलः / 2 पलः	2 पलः
393		2	14	चूर्णस्य मात्रा का?	अर्ध कर्षः / 1 कर्षः / अर्ध पलः / 1 पलः	1 कर्षः
394		2	17	वातसम्बन्धिषु रोगेषु चूर्ण-अवलेह-वटी-कल्कैः सह अनुपानस्य मात्रा का?	1 पलः / 2 पलः / 3 पलः / 4 पलः	2 पलः
396		2	42	अवलेहेन सह उत्तमम् अनुपानं किम्?	दुग्धम् / इक्षुरसः / पञ्चमूलक्वाथः / सर्वे	सर्वे
398	count.variant	2	70	सीध्वाः प्रकाराः कति भवन्ति?	2 / 3 / 4 / न कश्चित्	2
399		2	72	वारुण्याः विषये कः नियमः उचितः ?	ताḍरसमध्ये / खर्जूररसस्य मद्य / यवेन मद्य / क-ख	क-ख
400		2		चुक्रं किं कथ्यते?	यः मद्यम् अम्लं भवेत् / अम्लं जातस्य मद्यस्य विकारेण यः संधानं कुर्यात् / गुडजलमं तैलं कन्दं शाकं च फलसंयुक्तं यः अम्लं भवेत् / सर्वे वाक्याः सत्याः	सर्वे वाक्याः सत्याः
402		3		गजपुटस्य प्रमाणं किम् अस्ति?	विंशत्यङ्गुलि / पञ्चविंशत्यङ्गुलि / त्रिंशङ्गुलि / किञ्चित् न	त्रिंशङ्गुलि
403		3	27	वराहपुटस्य प्रमाणं किम् ?	त्रिंशङ्गुलि / अरत्निमात्रा / बालिशतम् / किञ्चित् न	अरत्निमात्रा
404		3	27	कुक्कुटपुटस्य प्रमाणं किम् ?	एकबालिशतम् / एकारत्निः / सप्तदशाङ्गुलि / त्रिंशङ्गुलि	एकबालिशतम्
406	count.property	3	57	ताम्रस्य दोषाः कति?	द्वे / चत्वारि / षट् / अष्टौ	अष्टौ
407	count.variant	3	71	वङ्गस्य भेदाः कति?	षट् / पञ्च / चत्वारि / द्वे	द्वे
408		4	6	दीप्ताग्निपुरुषस्य स्नेहपानप्रमाणं  किं भवति?	एकः पलः / त्रयः कर्षाः / द्वौ कर्षौ / एकः तोलः	एकः पलः
409		4	6	मध्यमाग्निपुरुषस्य स्नेहमात्रा का?	चत्वारः कर्षाः / त्रयः कर्षाः / द्वौ कर्षौ / एकः कर्षः	त्रयः कर्षाः
410		4	6	हीनाग्निपुरूषस्य सम्यक् स्नेहमात्रा का?	4 तोला / 3 तोला / 2 तोला / 1 तोला	2 तोला
413		4	20	घृतपानानन्तरं अनुपानं किम्?	उष्ण जलम् / तैलम् / माण्डम् / यूषम्	उष्ण जलम्
414		4	20	वसा मज्जा च पीत्वा अनुपानं किम्?	शीतल जलम् / माण्डम् / तैलम् / उष्ण जलम्	माण्डम्
415		4	25	स्नेहस्य पाचनानन्तरं चिकित्सा का?	वमनम् / विरेचनम् / उष्ण जल पानम् / न किञ्चित्	उष्ण जल पानम्
416		5	25	वमनातियोगे चिकित्सा का?	पुनः वमन औषध प्रयोगः / मृदु विरेचनम् / तीक्ष्ण विरेचनम् / नस्य	मृदु विरेचनम्
418		5	85	मात्रावस्तौ स्नेहमात्रा का?	1 पल / 2 पल / उभे / न किञ्चित्	उभे
419		5		अनुवासनवस्त्यै अयोग्यः कः?	मेह रोगः / कुष्ठम् / उदर रोगः / सर्वे	सर्वे
425		5	212	मर्श-नस्यस्य मात्रा का?	2 शाण / 4 शाण / 8 शाण / 10 शाण	8 शाण
426		5	227	प्रतिमर्श-नस्यस्य मात्रा का?	अर्द्ध बिन्दु / 1 बिन्दु / 2 बिन्दु / 4 बिन्दु	2 बिन्दु
432		6	31	गण्डूषं धारयितुं चूर्णस्य मात्रा का अस्ति?	अर्ध कोल / 1 कर्ष / 1 कोल / अर्ध कर्ष	1 कोल
433		6	31	कवलं धारयितुं कल्कस्य का मात्रा गृह्णीयात्?	अर्ध कर्ष / 1 कर्ष / 2 कर्ष / 1 कोल	1 कर्ष
439		6	175	वर्त्मगतरोगेषु कियत् वाक्-शतपर्यन्तं तर्पणं कार्यम्?	100 / 500 / 600 / 700	100
441	variant	6	199	रसरूपं चूर्णरूपं वर्त्तिरूपं च एते कस्य भेदाः?	पुटपाक / तर्पण / अञ्जन / सेक	अञ्जन
443		7	1	भावप्रकाशे उक्ता रोगिणः परीक्षा केन आचार्येण उक्तपरीक्षातुल्या?	चरकः / सुश्रुतः / वाग्भट्टः / माधवः	वाग्भट्टः
11	synonym.negation	1	38	आमलकी एतेषु कस्य पर्यायः नास्ति?	शिवः / धात्रीफलम् / श्रीफलम् / कर्षफलम्	कर्षफलम्